2006,Nega Network,Brown Eyed Girls,Second
2006,Nega Network,Brown Eyed Girls,Came
2006,Nega Network,Brown Eyed Girls,Far Away (feat. MC Mong)
2006,Nega Network,Brown Eyed Girls,String
2006,Nega Network,Brown Eyed Girls,Everyday (feat. Big Tone)
2006,Nega Network,Brown Eyed Girls,Forgetting
2006,Nega Network,Brown Eyed Girls,Fly Up With You Tonight (feat. Bobby Kim)
2006,Nega Network,Brown Eyed Girls,Who Do You Love?
2006,Nega Network,Brown Eyed Girls,1, 2, 3, 4
2006,Nega Network,Brown Eyed Girls,Monologue
2006,Nega Network,Brown Eyed Girls,Your Day Of Arrival
2006,Nega Network,Brown Eyed Girls,Watch Out
2006,Nega Network,Brown Eyed Girls,Unheard Story
2006,Nega Network,Brown Eyed Girls,Finally I Can Talk About Love
2006,Nega Network,Brown Eyed Girls,Timing
2006,Nega Network,Brown Eyed Girls,Hold The Line (feat. Cho PD)
2006,Nega Network,Brown Eyed Girls,Free Music
2006,Nega Network,Brown Eyed Girls,Woman On The Beach
2007,Nega Network,Brown Eyed Girls,Oasis (feat. Lee Jaehoon)
2007,Nega Network,Brown Eyed Girls,Mine
2007,Nega Network,Brown Eyed Girls,I’m Laughing (Gain Solo)
2007,Nega Network,Brown Eyed Girls,Leave Ms. Kim
2007,Nega Network,Brown Eyed Girls,Tagger
2007,Nega Network,Brown Eyed Girls,I Got Fooled By You
2007,Nega Network,Brown Eyed Girls,Why Of All Things
2007,Nega Network,Brown Eyed Girls,Dazzling Good Day
2007,Nega Network,Brown Eyed Girls,Triangle
2007,Nega Network,Brown Eyed Girls,Hypnosis
2007,Nega Network,Brown Eyed Girls,How Could I Love You
2008,Nega Network,Brown Eyed Girls,Love Action (feat. Jo PD)
2008,Nega Network,Brown Eyed Girls,L.O.V.E.
2008,Nega Network,Brown Eyed Girls,Farewell Letter
2008,Nega Network,Brown Eyed Girls,You
2008,Nega Network,Brown Eyed Girls,How Come
2008,Nega Network,Brown Eyed Girls,Easy
2008,Nega Network,Brown Eyed Girls,I Won’t Love Again
2009,Nega Network,Brown Eyed Girls,Candy Man
2009,Nega Network,Brown Eyed Girls,Glam Girl
2009,Nega Network,Brown Eyed Girls,Abracadabra
2009,Nega Network,Brown Eyed Girls,Addiction
2009,Nega Network,Brown Eyed Girls,Moody Night
2009,Nega Network,Brown Eyed Girls,Strange Days
2009,Nega Network,Brown Eyed Girls,Can’t Go
2009,Nega Network,Brown Eyed Girls,Although You Have A Girl
2009,Nega Network,Brown Eyed Girls,I’ll Do Well
2009,Nega Network,Brown Eyed Girls,Sign
2009,Nega Network,Brown Eyed Girls,Drunk On Sleep
2010,Nega Network,Brown Eyed Girls,Magic
2010,Nega Network,Brown Eyed Girls,Jump
2011,Nega Network,Brown Eyed Girls,Sixth Sense
2011,Nega Network,Brown Eyed Girls,La Boheme
2011,Nega Network,Brown Eyed Girls,An Inconvenient Truth
2011,Nega Network,Brown Eyed Girls,Love Motion
2011,Nega Network,Brown Eyed Girls,Vendetta
2011,Nega Network,Brown Eyed Girls,Cleansing Cream
2012,Nega Network,Brown Eyed Girls,A Midsummer Night’s Dream
2012,Nega Network,Brown Eyed Girls,Come With Me
2013,Nega Network,Brown Eyed Girls,Recipe
2013,Nega Network,Brown Eyed Girls,After Club
2013,Nega Network,Brown Eyed Girls,I Want To Fly
2013,Nega Network,Brown Eyed Girls,Kill Bill
2013,Nega Network,Brown Eyed Girls,Boy
2013,Nega Network,Brown Eyed Girls,Satisfaction
2013,Nega Network,Brown Eyed Girls,Mystery Survivor
2013,Nega Network,Brown Eyed Girls,That’s A Lie
2013,Nega Network,Brown Eyed Girls,Good Fellas
2015,Nega Network,Brown Eyed Girls,Time Of Ice Cream
2015,Nega Network,Brown Eyed Girls,Warm Hole
2015,Nega Network,Brown Eyed Girls,Wave
2015,Nega Network,Brown Eyed Girls,Brave New World
2015,Nega Network,Brown Eyed Girls,Obsession
2015,Nega Network,Brown Eyed Girls,Higgs
2015,Nega Network,Brown Eyed Girls,Light
2015,Nega Network,Brown Eyed Girls,Atomic
2015,Nega Network,Brown Eyed Girls,Dice Play
2015,Nega Network,Brown Eyed Girls,Fractal
2019,Nega Network,Brown Eyed Girls,A Common Love Story (original – Yoon Sang)
2019,Nega Network,Brown Eyed Girls,Abandoned (original – Basis)
2019,Nega Network,Brown Eyed Girls,Wonder Woman (original – Jo Wonsun)
2019,Nega Network,Brown Eyed Girls,Sorrow (original – g.o.d)
2019,Nega Network,Brown Eyed Girls,Goodbye With A Smile (original – Lee Eunha & Kim Nayoung)
2019,Nega Network,Brown Eyed Girls,Love Only (Gain Solo) (original – Sim Soobong)
2019,Nega Network,Brown Eyed Girls,Love Like A Spring Rain, Farewell Like A Winter Rain (Narsha Solo) (original – Lim Hyunjung)
2019,Nega Network,Brown Eyed Girls,The Sky (original – One Day)
2019,Nega Network,Brown Eyed Girls,Invitation (Miryo feat. Uhm Junghwa) (original – Uhm Junghwa)
2019,Nega Network,Brown Eyed Girls,The Letter (Jea Solo) (original – Kim Kwangjin)
2020,Nega Network,Brown Eyed Girls,Snowman
2013,Nega Network,JeA,그대가 잠든 사이 (While You Were Asleep)
2013,Nega Network,JeA,Let's Hug
2013,Nega Network,JeA,Stray Cat
2013,Nega Network,JeA,나만 없다면 (If You Were Mine)
2010,Nega Network,Narsha,삐리빠빠 (Bbi Ri Bba Bba)
2010,Nega Network,Narsha,Mamma Mia (feat. Sunny Hill)
2010,Nega Network,Narsha,I'm In Love
2010,Nega Network,Narsha,Radio Star
2012,Nega Network,Miryo,DIRTY
2012,Nega Network,Miryo,사랑해 사랑해 (I Love You I Love You) (feat. Sunny)
2012,Nega Network,Miryo,Revenger (feat. Gary)
2012,Nega Network,Miryo,Leggo (feat. Narsha)
2013,Nega Network,Miryo,Queen