query_artist_name,song_title,album_name,release_date,spotify_artist_name
지누션,Young Nation (feat. Yang HyunSuk & D.O),Jinusean,1997-03-01,JINUSEAN
지누션,I Will,Jinusean,1997-03-01,JINUSEAN
지누션,Tracing You,Jinusean,1997-03-01,JINUSEAN
지누션,To Each Other,Jinusean,1997-03-01,JINUSEAN
지누션,Celebrate (feat. Lee SaeYoung & Perry) [English Version],Jinusean,1997-03-01,JINUSEAN
지누션,Gasoline (feat. Yang HyunSuk) [D.O. Edit Version],Jinusean,1997-03-01,JINUSEAN
지누션,Gasoline,Jinusean,1997-03-01,JINUSEAN
지누션,Jinusean Bomb (feat. Perry & Legacy),Jinusean,1997-03-01,JINUSEAN
지누션,Celebrate,Jinusean,1997-03-01,JINUSEAN
지누션,Tell me (feat. 엄정화),Jinusean,1997-03-01,JINUSEAN
지누션,Like This Like That,THE REAL,1998-01-05,JINUSEAN
지누션,Gasoline (Remix Version),THE REAL,1998-01-05,JINUSEAN
지누션,Throw Them Hands Up (feat. Perry),THE REAL,1998-01-05,JINUSEAN
지누션,Celebrate (feat. Perry) [Remix Version],THE REAL,1998-01-05,JINUSEAN
지누션,Gasoline (English Version),THE REAL,1998-01-05,JINUSEAN
지누션,No More (feat. Yang HyunSuk) [MF Family Version],THE REAL,1998-01-05,JINUSEAN
지누션,Jinusean Bomb (feat. Perry) [Remix Version],THE REAL,1998-01-05,JINUSEAN
지누션,Jinusean Bomb (feat. Perry) [Bonus Track],THE REAL,1998-01-05,JINUSEAN
지누션,Celebrate (feat. Perry) [Bonus Track],THE REAL,1998-01-05,JINUSEAN
지누션,What U Wanna Do (feat. Perry),THE REAL,1998-01-05,JINUSEAN
1TYM,1Tym,One Time For Your Mind,1998-11-01,1TYM
1TYM,널 일으켜,One Time For Your Mind,1998-11-01,1TYM
1TYM,탈출,One Time For Your Mind,1998-11-01,1TYM
1TYM,Good Love,One Time For Your Mind,1998-11-01,1TYM
1TYM,Falling In Love,One Time For Your Mind,1998-11-01,1TYM
1TYM,뭘 위한 세상인가,One Time For Your Mind,1998-11-01,1TYM
1TYM,My Life,One Time For Your Mind,1998-11-01,1TYM
1TYM,Heaven,One Time For Your Mind,1998-11-01,1TYM
1TYM,나를 기다려,One Time For Your Mind,1998-11-01,1TYM
1TYM,널 버리지마,One Time For Your Mind,1998-11-01,1TYM
지누션,How Deep Is Your Love,Taekwon V,1999-03-01,JINUSEAN
지누션,Return of the Bomb (feat. 페리 & 레거시),Taekwon V,1999-03-01,JINUSEAN
지누션,Freedom,Taekwon V,1999-03-01,JINUSEAN
지누션,Day and Night,Taekwon V,1999-03-01,JINUSEAN
지누션,Baby Come Back,Taekwon V,1999-03-01,JINUSEAN
지누션,I Remember You,Taekwon V,1999-03-01,JINUSEAN
지누션,Taekwon V,Taekwon V,1999-03-01,JINUSEAN
지누션,Freestyle,Taekwon V,1999-03-01,JINUSEAN
지누션,Intro,Taekwon V,1999-03-01,JINUSEAN
YG Family,Y.G Millenium (Intro),Famillenium,1999-07-29,YG Family
YG Family,우리는 Y.G Family,Famillenium,1999-07-29,YG Family
YG Family,Y.G Bounce,Famillenium,1999-07-29,YG Family
YG Family,Love/Hate (Prelude),Famillenium,1999-07-29,YG Family
YG Family,서둘러,Famillenium,1999-07-29,YG Family
YG Family,흑과 백,Famillenium,1999-07-29,YG Family
YG Family,Childhood (Skit),Famillenium,1999-07-29,YG Family
YG Family,돈돈돈-Cash It,Famillenium,1999-07-29,YG Family
YG Family,전쟁과 평화,Famillenium,1999-07-29,YG Family
YG Family,S T P,Famillenium,1999-07-29,YG Family
YG Family,1TYM Attack,Famillenium,1999-07-29,YG Family
YG Family,세상의 축제,Famillenium,1999-07-29,YG Family
지누션,Ooh Boy,The Reign,2001-02-01,JINUSEAN
지누션,Hip-Hop Seoul,The Reign,2001-02-01,JINUSEAN
지누션,2 Run Hiphop,The Reign,2001-02-01,JINUSEAN
지누션,Outro,The Reign,2001-02-01,JINUSEAN
지누션,"Hip-Hop Seoul (feat. Chino XL, Masta Wu & Teddy)",The Reign,2001-02-01,JINUSEAN
지누션,Bing Bing Bing,The Reign,2001-02-01,JINUSEAN
지누션,Real Wunz (Feat. Cypress Hill),The Reign,2001-02-01,JINUSEAN
지누션,A-Yo,The Reign,2001-02-01,JINUSEAN
지누션,"Holding Down (Feat. Prodigy Of Mobb Deep, Perry)",The Reign,2001-02-01,JINUSEAN
지누션,Ooh Boy (The Black Crow Remix) (Feat. 3534. Lexy. Vanessa) (Bonus Track),The Reign,2001-02-01,JINUSEAN
지누션,Follow Me (Feat. M-Flo),The Reign,2001-02-01,JINUSEAN
지누션,Js Anthem,The Reign,2001-02-01,JINUSEAN
1TYM,Nasty,Third Time Fo Yo‘ Mind!!,2001-12-13,1TYM
1TYM,Hello!?,Third Time Fo Yo‘ Mind!!,2001-12-13,1TYM
1TYM,Hidden Track,Third Time Fo Yo‘ Mind!!,2001-12-13,1TYM
1TYM,Woo-Wah,Third Time Fo Yo‘ Mind!!,2001-12-13,1TYM
1TYM,Sucka Busta,Third Time Fo Yo‘ Mind!!,2001-12-13,1TYM
1TYM,Bus,Third Time Fo Yo‘ Mind!!,2001-12-13,1TYM
1TYM,Mother,Third Time Fo Yo‘ Mind!!,2001-12-13,1TYM
1TYM,Hiphop Kids,Third Time Fo Yo‘ Mind!!,2001-12-13,1TYM
1TYM,Make It Last,Third Time Fo Yo‘ Mind!!,2001-12-13,1TYM
1TYM,Last Night Story,Third Time Fo Yo‘ Mind!!,2001-12-13,1TYM
YG Family,Throw Them Hands Up - Remix,YG Family 2,2002-10-24,YG Family
YG Family,Don't Believe Anyone - Remix,YG Family 2,2002-10-24,YG Family
YG Family,1TYM - Remix,YG Family 2,2002-10-24,YG Family
YG Family,YG Family Bounce - Remix,YG Family 2,2002-10-24,YG Family
YG Family,Fallin' - Bonus Track,YG Family 2,2002-10-24,YG Family
YG Family,"A-Yo! - Bonus Track, YG Family Version",YG Family 2,2002-10-24,YG Family
YG Family,Why Be Normal?,YG Family 2,2002-10-24,YG Family
YG Family,To That Higher Place,YG Family 2,2002-10-24,YG Family
YG Family,Everybody Get Down Part 2,YG Family 2,2002-10-24,YG Family
YG Family,One Love - Remix,YG Family 2,2002-10-24,YG Family
YG Family,Smoke of the Devil - Remix,YG Family 2,2002-10-24,YG Family
YG Family,Gasoline - Remix,YG Family 2,2002-10-24,YG Family
YG Family,Free Fallin,YG Family 2,2002-10-24,YG Family
YG Family,우리는 YG Family - Remix,YG Family 2,2002-10-24,YG Family
YG Family,1TYM - Remix 2,YG Family 2,2002-10-24,YG Family
YG Family,Nasty - Remix,YG Family 2,2002-10-24,YG Family
YG Family,"Light, Camera, Action - Remix",YG Family 2,2002-10-24,YG Family
YG Family,"Hip Hop Gentlemen - Bonus Track, Instrumental",YG Family 2,2002-10-24,YG Family
YG Family,One More Time,YG Family 2,2002-10-24,YG Family
YG Family,Sweet Love,YG Family 2,2002-10-24,YG Family
YG Family,Show Me Love,YG Family 2,2002-10-24,YG Family
YG Family,Get Ready Part 2,YG Family 2,2002-10-24,YG Family
YG Family,Hip Hop Gentlemen,YG Family 2,2002-10-24,YG Family
YG Family,YMCA Baseball Team,YG Family 2,2002-10-24,YG Family
SE7EN,One More Time,Just Listen.......,2003-03-08,SE7EN
SE7EN,Unwanted Parting (feat. Wheesung),Just Listen.......,2003-03-08,SE7EN
SE7EN,Seven (Interlude),Just Listen.......,2003-03-08,SE7EN
SE7EN,Should I Ever See You,Just Listen.......,2003-03-08,SE7EN
SE7EN,One To Ten,Just Listen.......,2003-03-08,SE7EN
SE7EN,With These Flowers,Just Listen.......,2003-03-08,SE7EN
SE7EN,Baby I Like You Like That,Just Listen.......,2003-03-08,SE7EN
SE7EN,Intro (feat. Perry & G-DRAGON),Just Listen.......,2003-03-08,SE7EN
SE7EN,Please Go Far Away,Just Listen.......,2003-03-08,SE7EN
SE7EN,Come Back To Me,Just Listen.......,2003-03-08,SE7EN
SE7EN,I Just Wanna Be,Just Listen.......,2003-03-08,SE7EN
SE7EN,I Hope It's You,Just Listen.......,2003-03-08,SE7EN
SE7EN,Goodbye (feat. 거미),Just Listen.......,2003-03-08,SE7EN
SE7EN,Luz Control (feat. Wheesung & Lexy),Just Listen.......,2003-03-08,SE7EN
1TYM,Put' Em Up,Once N 4 All,2003-11-26,1TYM
1TYM,Teddy's Interlude,Once N 4 All,2003-11-26,1TYM
1TYM,It's Over,Once N 4 All,2003-11-26,1TYM
1TYM,Kiss Me,Once N 4 All,2003-11-26,1TYM
1TYM,Ok,Once N 4 All,2003-11-26,1TYM
1TYM,Cry,Once N 4 All,2003-11-26,1TYM
1TYM,Everyday And Night,Once N 4 All,2003-11-26,1TYM
1TYM,Freeflow (Intro),Once N 4 All,2003-11-26,1TYM
1TYM,Uh-Oh!,Once N 4 All,2003-11-26,1TYM
1TYM,Danny's Interlude,Once N 4 All,2003-11-26,1TYM
1TYM,Hot,Once N 4 All,2003-11-26,1TYM
1TYM,Without You,Once N 4 All,2003-11-26,1TYM
1TYM,떠나자,Once N 4 All,2003-11-26,1TYM
SE7EN,Words I Don't Want To Hear,Must Listen,2004-07-07,SE7EN
SE7EN,Christmas With You,Must Listen,2004-07-07,SE7EN
SE7EN,Wishy Washy,Must Listen,2004-07-07,SE7EN
SE7EN,I Know,Must Listen,2004-07-07,SE7EN
SE7EN,I Just Know,Must Listen,2004-07-07,SE7EN
SE7EN,Se7en's Love,Must Listen,2004-07-07,SE7EN
SE7EN,Tattoo,Must Listen,2004-07-07,SE7EN
SE7EN,Two Steps,Must Listen,2004-07-07,SE7EN
SE7EN,2 Nite,Must Listen,2004-07-07,SE7EN
SE7EN,Honey I Know,Must Listen,2004-07-07,SE7EN
SE7EN,Pride,Must Listen,2004-07-07,SE7EN
SE7EN,Passion,Must Listen,2004-07-07,SE7EN
SE7EN,Real Luv Story,Must Listen,2004-07-07,SE7EN
SE7EN,Desire,Must Listen,2004-07-07,SE7EN
SE7EN,You're My Everything,Must Listen,2004-07-07,SE7EN
지누션,Tonight (feat. JiEun),노.라.보.세.,2004-11-12,JINUSEAN
지누션,Mr. JINUSEAN (feat. Wheesung & Masta Wu),노.라.보.세.,2004-11-12,JINUSEAN
지누션,Good Time (feat. Wheesung),노.라.보.세.,2004-11-12,JINUSEAN
지누션,I Can See (feat. 거미),노.라.보.세.,2004-11-12,JINUSEAN
지누션,2 All My People (JINUSEAN & Snoop Dogg & Warren G & Perry),노.라.보.세.,2004-11-12,JINUSEAN
지누션,Welcome (feat. Lexy),노.라.보.세.,2004-11-12,JINUSEAN
지누션,Micro Phone (feat. Teddy & Danny),노.라.보.세.,2004-11-12,JINUSEAN
지누션,Passion (YG Remix) (JINUSEAN & SE7EN),노.라.보.세.,2004-11-12,JINUSEAN
지누션,Phone Number,노.라.보.세.,2004-11-12,JINUSEAN
지누션,"What's Up (Intro) [feat. Perry, JiEun]",노.라.보.세.,2004-11-12,JINUSEAN
지누션,Magic Wand,노.라.보.세.,2004-11-12,JINUSEAN
지누션,What's Up (Outro) [feat. Perry],노.라.보.세.,2004-11-12,JINUSEAN
지누션,Exciting Hip Hop,노.라.보.세.,2004-11-12,JINUSEAN
SE7EN,Crazy,Crazy (Single),2004-12-01,SE7EN
1TYM,One Way (Intro),One Way,2005-11-01,1TYM
1TYM,Can't Let U Go,One Way,2005-11-01,1TYM
1TYM,Summer Night (Feat. 이영현),One Way,2005-11-01,1TYM
1TYM,위험해,One Way,2005-11-01,1TYM
1TYM,The Instruction (Interlude),One Way,2005-11-01,1TYM
1TYM,How Many Times,One Way,2005-11-01,1TYM
1TYM,어쩔겁니까?,One Way,2005-11-01,1TYM
1TYM,어쩔겁니까? (YG Remix),One Way,2005-11-01,1TYM
1TYM,Outro (Hippy To Da Hoppa),One Way,2005-11-01,1TYM
1TYM,How It Go,One Way,2005-11-01,1TYM
1TYM,Get Them Hands Up,One Way,2005-11-01,1TYM
1TYM,Take It Slow (Danny Solo),One Way,2005-11-01,1TYM
1TYM,Supa Funk (Song Baek Kyoung Solo),One Way,2005-11-01,1TYM
1TYM,Do You Know Me?,One Way,2005-11-01,1TYM
1TYM,Do You Know Me? (Instrumental),One Way,2005-11-01,1TYM
SE7EN,Outro (7 Virus),24 / 7,2006-03-08,SE7EN
SE7EN,그 남자처럼,24 / 7,2006-03-08,SE7EN
SE7EN,얼음 같은 이별,24 / 7,2006-03-08,SE7EN
SE7EN,Baby U,24 / 7,2006-03-08,SE7EN
SE7EN,Follow Me (Interlude),24 / 7,2006-03-08,SE7EN
SE7EN,내 입 좀 막아줘 (Feat. 페리),24 / 7,2006-03-08,SE7EN
SE7EN,벌레 (Feat. Jinu),24 / 7,2006-03-08,SE7EN
SE7EN,The One,24 / 7,2006-03-08,SE7EN
SE7EN,살고 싶어서,24 / 7,2006-03-08,SE7EN
SE7EN,밤새도록,24 / 7,2006-03-08,SE7EN
SE7EN,Heaven (Interlude),24 / 7,2006-03-08,SE7EN
SE7EN,Oh - No! (Feat. Teddy),24 / 7,2006-03-08,SE7EN
SE7EN,Come Back to Me Part 2,24 / 7,2006-03-08,SE7EN
SE7EN,Love Story (Feat. Masta Wu),24 / 7,2006-03-08,SE7EN
SE7EN,I Know (Feat. Teddy),24 / 7,2006-03-08,SE7EN
SE7EN,24 / 7 (Intro),24 / 7,2006-03-08,SE7EN
SE7EN,Run (Feat. G-DRAGON),24 / 7,2006-03-08,SE7EN
BigBang,A Fool Of Tears,BigBang First Single,2006-08-29,BIGBANG
BigBang,Intro (Put your hands up),BigBang First Single,2006-08-29,BIGBANG
BigBang,This Love (G-DRAGON Solo),BigBang First Single,2006-08-29,BIGBANG
BigBang,We belong together,BigBang First Single,2006-08-29,BIGBANG
YG Family,Hip Hop Gentlemen,YG 10th Anniversary,2006-09-01,YG Family
YG Family,우리는 YG Family,YG 10th Anniversary,2006-09-01,YG Family
BigBang,La La La (Instrumental),BigBang Is V.I.P,2006-09-28,BIGBANG
BigBang,V.I.P,BigBang Is V.I.P,2006-09-28,BIGBANG
BigBang,Ma Girl (Taeyang Solo),BigBang Is V.I.P,2006-09-28,BIGBANG
BigBang,La La La,BigBang Is V.I.P,2006-09-28,BIGBANG
SE7EN,Monologue,Se7olution,2006-11-01,SE7EN
SE7EN,Promise,Se7olution,2006-11-01,SE7EN
SE7EN,Girl Friend,Se7olution,2006-11-01,SE7EN
SE7EN,La La La,Se7olution,2006-11-01,SE7EN
SE7EN,Be Good To You,Se7olution,2006-11-01,SE7EN
SE7EN,Last Of Diary,Se7olution,2006-11-01,SE7EN
SE7EN,Again,Se7olution,2006-11-01,SE7EN
SE7EN,Please Say Yes (Feat. TAEYANG),Se7olution,2006-11-01,SE7EN
SE7EN,Se7olution (Intro),Se7olution,2006-11-01,SE7EN
SE7EN,Get Up and Dance,Se7olution,2006-11-01,SE7EN
SE7EN,Oh∼Ma Girl,Se7olution,2006-11-01,SE7EN
SE7EN,I'm Sorry (Interlude),Se7olution,2006-11-01,SE7EN
SE7EN,Similar Love,Se7olution,2006-11-01,SE7EN
SE7EN,Can You Feel Me (Feat. G-Dragon),Se7olution,2006-11-01,SE7EN
BigBang,Victory (Intro),Bigbang 03,2006-11-22,BIGBANG
BigBang,Bigbang,Bigbang 03,2006-11-22,BIGBANG
BigBang,Forever With U (Feat. Park Bom),Bigbang 03,2006-11-22,BIGBANG
BigBang,Good Bye Baby,Bigbang 03,2006-11-22,BIGBANG
BigBang,She Can't Get Enough,BIGBANG Vol.1,2006-12-22,BIGBANG
BigBang,Dirty Cash,BIGBANG Vol.1,2006-12-22,BIGBANG
BigBang,Next Day (SeungRi Solo),BIGBANG Vol.1,2006-12-22,BIGBANG
BigBang,Big Boy (T.O.P Solo),BIGBANG Vol.1,2006-12-22,BIGBANG
BigBang,Shake It,BIGBANG Vol.1,2006-12-22,BIGBANG
BigBang,A Fool Of Tears,BIGBANG Vol.1,2006-12-22,BIGBANG
BigBang,My Girl (Taeyang Solo),BIGBANG Vol.1,2006-12-22,BIGBANG
BigBang,La La La,BIGBANG Vol.1,2006-12-22,BIGBANG
BigBang,This Love (G-Dragon Solo),BIGBANG Vol.1,2006-12-22,BIGBANG
BigBang,Laugh It Off (DaeSung Solo),BIGBANG Vol.1,2006-12-22,BIGBANG
BigBang,Intro - Bigbang,BIGBANG Vol.1,2006-12-22,BIGBANG
BigBang,She Can't Get Enough,The Real Vol.1 (First Live Concert),2007-02-08,BIGBANG
BigBang,V.I.P,The Real Vol.1 (First Live Concert),2007-02-08,BIGBANG
BigBang,Intro - BIGBANG,The Real Vol.1 (First Live Concert),2007-02-08,BIGBANG
BigBang,Forever With You,The Real Vol.1 (First Live Concert),2007-02-08,BIGBANG
BigBang,Dirty Cash,The Real Vol.1 (First Live Concert),2007-02-08,BIGBANG
BigBang,Dirty Cash (For Fan - Original Track),The Real Vol.1 (First Live Concert),2007-02-08,BIGBANG
BigBang,Good Bye Baby,The Real Vol.1 (First Live Concert),2007-02-08,BIGBANG
BigBang,A Fool Of Tears,The Real Vol.1 (First Live Concert),2007-02-08,BIGBANG
BigBang,La-La-La,The Real Vol.1 (First Live Concert),2007-02-08,BIGBANG
BigBang,We Belong Together,The Real Vol.1 (First Live Concert),2007-02-08,BIGBANG
BigBang,Shake It,The Real Vol.1 (First Live Concert),2007-02-08,BIGBANG
SE7EN,Baby I Like You Like That (Remix),Se7en 747,2007-06-29,SE7EN
SE7EN,I Just Wanna Be (Remix),Se7en 747,2007-06-29,SE7EN
SE7EN,라라라 (Remix),Se7en 747,2007-06-29,SE7EN
SE7EN,난 알아요 (Live),Se7en 747,2007-06-29,SE7EN
SE7EN,One Last Cry (Live),Se7en 747,2007-06-29,SE7EN
BigBang,Always,Always,2007-08-16,BIGBANG
BigBang,Intro - We Are BIGBANG,Always,2007-08-16,BIGBANG
BigBang,Lies,Always,2007-08-16,BIGBANG
BigBang,Unknown Number,Always,2007-08-16,BIGBANG
BigBang,Pretended,Always,2007-08-16,BIGBANG
BigBang,Oh Ma Baby,Always,2007-08-16,BIGBANG
BigBang,Last Farewell,Hot Issue,2007-11-22,BIGBANG
BigBang,Fool,Hot Issue,2007-11-22,BIGBANG
BigBang,I Don't Understand,Hot Issue,2007-11-22,BIGBANG
BigBang,Crazy Dog,Hot Issue,2007-11-22,BIGBANG
BigBang,Intro - Hot Issue,Hot Issue,2007-11-22,BIGBANG
BigBang,Lie,The Great,2008-02-27,BIGBANG
BigBang,Wild Wild West,The Great,2008-02-27,BIGBANG
BigBang,Lies (Encore),The Great,2008-02-27,BIGBANG
BigBang,Always (Encore),The Great,2008-02-27,BIGBANG
BigBang,Last Farewell,The Great,2008-02-27,BIGBANG
BigBang,A Fool Of Tears,The Great,2008-02-27,BIGBANG
BigBang,This Love (G-DRAGON Solo),The Great,2008-02-27,BIGBANG
BigBang,Fool,The Great,2008-02-27,BIGBANG
BigBang,La-La-La,The Great,2008-02-27,BIGBANG
BigBang,Crazy Dog + 환상 속의 그대,The Great,2008-02-27,BIGBANG
BigBang,Shake It,The Great,2008-02-27,BIGBANG
Taeyang,Intro (HOT),Hot,2008-05-22,TAEYANG
Taeyang,Prayer (Feat. Teddy),Hot,2008-05-22,TAEYANG
Taeyang,Only Look At Me,Hot,2008-05-22,TAEYANG
Taeyang,A Sinner,Hot,2008-05-22,TAEYANG
Taeyang,Baby I'm Sorry,Hot,2008-05-22,TAEYANG
Taeyang,Make Love (Feat. Kush),Hot,2008-05-22,TAEYANG
Taeyang,Prayer (Feat. Teddy),Hot,2008-05-22,TAEYANG
Taeyang,Make Love (Feat. Kush),Hot,2008-05-22,TAEYANG
Taeyang,Baby I'm Sorry,Hot,2008-05-22,TAEYANG
Taeyang,A Sinner,Hot,2008-05-22,TAEYANG
Taeyang,Only Look At Me,Hot,2008-05-22,TAEYANG
Taeyang,Intro (HOT),Hot,2008-05-22,TAEYANG
Daesung,"Look At Me, Gwisun","Look At Me, Gwisun",2008-06-16,DAESUNG
대성,"Look At Me, Gwisun","Look At Me, Gwisun",2008-06-16,DAESUNG
G-Dragon,Only Look At Me Pt.2,Only Look At Me Pt.2,2008-06-30,G-DRAGON
BigBang,Haru Haru,Stand Up,2008-08-08,BIGBANG
BigBang,A Good Man,Stand Up,2008-08-08,BIGBANG
BigBang,My Heaven,Stand Up,2008-08-08,BIGBANG
BigBang,Intro - Stand Up,Stand Up,2008-08-08,BIGBANG
BigBang,Lady,Stand Up,2008-08-08,BIGBANG
BigBang,Oh My Friend,Stand Up,2008-08-08,BIGBANG
BigBang,"Oh, Ah, Oh",Remember,2008-11-05,BIGBANG
BigBang,Haru Haru - Acoustic Version,Remember,2008-11-05,BIGBANG
BigBang,Intro - Everybody Scream,Remember,2008-11-05,BIGBANG
BigBang,Foolish Love,Remember,2008-11-05,BIGBANG
BigBang,Wonderful,Remember,2008-11-05,BIGBANG
BigBang,Lies - Remix Version,Remember,2008-11-05,BIGBANG
BigBang,Last Farewell - Remix Version,Remember,2008-11-05,BIGBANG
BigBang,Remember,Remember,2008-11-05,BIGBANG
BigBang,You Are My Light,Remember,2008-11-05,BIGBANG
BigBang,Sunset Glow,Remember,2008-11-05,BIGBANG
BigBang,Stylish (The FILA),FILA Limited Edition with BIGBANG,2008-12-30,BIGBANG
대성,A Big Hit!,A Big Hit!,2009-01-29,DAESUNG
Daesung,A Big Hit!,A Big Hit!,2009-01-29,DAESUNG
SE7EN,Girls (Feat. Lil Kim) [Instrumental],Girls,2009-03-11,SE7EN
SE7EN,Girls (Feat. Lil Kim),Girls,2009-03-11,SE7EN
2NE1,Lollipop (Bigbang),Lollipop (Bigbang),2009-03-27,2NE1
BigBang,"So Fresh, So Cool","So Fresh, So Cool",2009-04-03,BIGBANG
BigBang,Make Love,2009 BIGBANG LIVE CONCERT : BIG SHOW,2009-04-22,BIGBANG
BigBang,A Good Man,2009 BIGBANG LIVE CONCERT : BIG SHOW,2009-04-22,BIGBANG
BigBang,Wonderful,2009 BIGBANG LIVE CONCERT : BIG SHOW,2009-04-22,BIGBANG
BigBang,Lady,2009 BIGBANG LIVE CONCERT : BIG SHOW,2009-04-22,BIGBANG
BigBang,Pretended (Remix),2009 BIGBANG LIVE CONCERT : BIG SHOW,2009-04-22,BIGBANG
BigBang,Only Look At Me (Remix),2009 BIGBANG LIVE CONCERT : BIG SHOW,2009-04-22,BIGBANG
BigBang,Sunset Glow,2009 BIGBANG LIVE CONCERT : BIG SHOW,2009-04-22,BIGBANG
BigBang,Oh My Friend,2009 BIGBANG LIVE CONCERT : BIG SHOW,2009-04-22,BIGBANG
BigBang,Last Farewell (Remix),2009 BIGBANG LIVE CONCERT : BIG SHOW,2009-04-22,BIGBANG
BigBang,"Oh, Ah, Oh",2009 BIGBANG LIVE CONCERT : BIG SHOW,2009-04-22,BIGBANG
BigBang,Stylish (The FILA),2009 BIGBANG LIVE CONCERT : BIG SHOW,2009-04-22,BIGBANG
BigBang,Number 1,2009 BIGBANG LIVE CONCERT : BIG SHOW,2009-04-22,BIGBANG
BigBang,Strong Baby,2009 BIGBANG LIVE CONCERT : BIG SHOW,2009-04-22,BIGBANG
BigBang,My Heaven (Orchestra Ver.),2009 BIGBANG LIVE CONCERT : BIG SHOW,2009-04-22,BIGBANG
BigBang,Haru Haru (Orchestra Ver.),2009 BIGBANG LIVE CONCERT : BIG SHOW,2009-04-22,BIGBANG
BigBang,Lies (Remix),2009 BIGBANG LIVE CONCERT : BIG SHOW,2009-04-22,BIGBANG
2NE1,Fire,2NE1 1st Mini Album,2009-07-08,2NE1
2NE1,I Don't Care,2NE1 1st Mini Album,2009-07-08,2NE1
2NE1,In The Club,2NE1 1st Mini Album,2009-07-08,2NE1
2NE1,Pretty Boy,2NE1 1st Mini Album,2009-07-08,2NE1
2NE1,Stay Together,2NE1 1st Mini Album,2009-07-08,2NE1
2NE1,Lollipop,2NE1 1st Mini Album,2009-07-08,2NE1
2NE1,Let's Go Party,2NE1 1st Mini Album,2009-07-08,2NE1
G-Dragon,Heartbreaker,Heartbreaker,2009-08-18,G-DRAGON
G-Dragon,1 Year,Heartbreaker,2009-08-18,G-DRAGON
G-Dragon,She's Gone (Feat. Kush),Heartbreaker,2009-08-18,G-DRAGON
G-Dragon,The Leaders (Feat. Teddy & CL),Heartbreaker,2009-08-18,G-DRAGON
G-Dragon,Korean Dream (Feat. TAEYANG),Heartbreaker,2009-08-18,G-DRAGON
G-Dragon,Gossip Man (Feat. Kim Gun Mo),Heartbreaker,2009-08-18,G-DRAGON
G-Dragon,Hello (Feat. DARA),Heartbreaker,2009-08-18,G-DRAGON
G-Dragon,Butterfly (Feat. Jin Jung),Heartbreaker,2009-08-18,G-DRAGON
G-Dragon,Breathe,Heartbreaker,2009-08-18,G-DRAGON
G-Dragon,A Boy,Heartbreaker,2009-08-18,G-DRAGON
대성,Cotton Candy,Cotton Candy,2010-01-26,DAESUNG
Daesung,Cotton Candy,Cotton Candy,2010-01-26,DAESUNG
BigBang,Lollipop Part.2,Lollipop Pt.2,2010-02-19,BIGBANG
G-Dragon,A Boy (CHOICE 37 Remix),Shine A Light,2010-03-30,G-DRAGON
G-Dragon,Heartbreaker (CHOICE 37 Remix),Shine A Light,2010-03-30,G-DRAGON
G-Dragon,Breathe (hitchhiker Remix),Shine A Light,2010-03-30,G-DRAGON
G-Dragon,This Love,Shine A Light,2010-03-30,G-DRAGON
G-Dragon,Heartbreaker,Shine A Light,2010-03-30,G-DRAGON
G-Dragon,Gossip Man (Feat. Kim Gun Mo),Shine A Light,2010-03-30,G-DRAGON
G-Dragon,This love (G.H remix),Shine A Light,2010-03-30,G-DRAGON
G-Dragon,Heartbreaker (Feat. Flo Rida),Shine A Light,2010-03-30,G-DRAGON
G-Dragon,Heartbreaker (Encore),Shine A Light,2010-03-30,G-DRAGON
G-Dragon,Lies,Shine A Light,2010-03-30,G-DRAGON
G-Dragon,1 Year,Shine A Light,2010-03-30,G-DRAGON
G-Dragon,Hello (Feat. DARA),Shine A Light,2010-03-30,G-DRAGON
G-Dragon,She's Gone (Feat. KUSH),Shine A Light,2010-03-30,G-DRAGON
G-Dragon,Korean Dream (Feat. TAEYANG),Shine A Light,2010-03-30,G-DRAGON
G-Dragon,Butterfly (Feat. Jin Jung),Shine A Light,2010-03-30,G-DRAGON
G-Dragon,Breathe,Shine A Light,2010-03-30,G-DRAGON
G-Dragon,"The Leaders (Feat. Teddy, CL)",Shine A Light,2010-03-30,G-DRAGON
G-Dragon,A Boy,Shine A Light,2010-03-30,G-DRAGON
G-Dragon,Korean Dream + Storm + Hip Hop Gentlemen + G-DRAGON,Shine A Light,2010-03-30,G-DRAGON
G-Dragon,But I Love U,Shine A Light,2010-03-30,G-DRAGON
T.O.P,Turn It Up,Turn It Up,2010-06-21,T.O.P.
Taeyang,Wedding Dress,Solar,2010-07-01,TAEYANG
Taeyang,Take It Slow,Solar,2010-07-01,TAEYANG
Taeyang,Where U At,Solar,2010-07-01,TAEYANG
Taeyang,Move (Feat. Teddy),Solar,2010-07-01,TAEYANG
Taeyang,Break Down,Solar,2010-07-01,TAEYANG
Taeyang,After You Sleep (Feat. Swings),Solar,2010-07-01,TAEYANG
Taeyang,Where U At,Solar,2010-07-01,TAEYANG
Taeyang,Wedding Dress,Solar,2010-07-01,TAEYANG
Taeyang,Take It Slow,Solar,2010-07-01,TAEYANG
Taeyang,After You Sleep (Feat. Swings),Solar,2010-07-01,TAEYANG
Taeyang,Break Down,Solar,2010-07-01,TAEYANG
Taeyang,Intro - Solar,Solar,2010-07-01,TAEYANG
Taeyang,Superstar,Solar,2010-07-01,TAEYANG
Taeyang,Just a Feeling,Solar,2010-07-01,TAEYANG
Taeyang,You're My,Solar,2010-07-01,TAEYANG
Taeyang,Intro - Solar,Solar,2010-07-01,TAEYANG
Taeyang,I Need A Girl (Feat. G-DRAGON),Solar,2010-07-01,TAEYANG
Taeyang,I Need A Girl (Feat. G-DRAGON),Solar,2010-07-01,TAEYANG
Taeyang,Move (Feat. Teddy),Solar,2010-07-01,TAEYANG
Taeyang,You're My,Solar,2010-07-01,TAEYANG
Taeyang,Superstar,Solar,2010-07-01,TAEYANG
Taeyang,Just a Feeling,Solar,2010-07-01,TAEYANG
SE7EN,Intro - Reset,Digital Bounce,2010-07-21,SE7EN
SE7EN,Digital Bounce,Digital Bounce,2010-07-21,SE7EN
SE7EN,Better Together,Digital Bounce,2010-07-21,SE7EN
SE7EN,I'm Going Crazy,Digital Bounce,2010-07-21,SE7EN
SE7EN,Money Can't Buy Me Love,Digital Bounce,2010-07-21,SE7EN
SE7EN,Drips,Digital Bounce,2010-07-21,SE7EN
SE7EN,Roller Coaster,Digital Bounce,2010-07-21,SE7EN
Taeyang,Move,Solar International,2010-08-19,TAEYANG
Taeyang,Only Look At Me (나만 바라봐),Solar International,2010-08-19,TAEYANG
Taeyang,I Need a Girl,Solar International,2010-08-19,TAEYANG
Taeyang,Take It Slow,Solar International,2010-08-19,TAEYANG
Taeyang,I'll Be There - Korean Version,Solar International,2010-08-19,TAEYANG
Taeyang,Connection - English Version,Solar International,2010-08-19,TAEYANG
Taeyang,Where U At,Solar International,2010-08-19,TAEYANG
Taeyang,Wedding Dress - English Version,Solar International,2010-08-19,TAEYANG
Taeyang,Superstar,Solar International,2010-08-19,TAEYANG
Taeyang,Prayer (기도),Solar International,2010-08-19,TAEYANG
Taeyang,Superstar,Solar International,2010-08-19,TAEYANG
Taeyang,Solar [Intro],Solar International,2010-08-19,TAEYANG
Taeyang,Solar [Intro],Solar International,2010-08-19,TAEYANG
Taeyang,Prayer (기도),Solar International,2010-08-19,TAEYANG
Taeyang,I'll Be There - English Version,Solar International,2010-08-19,TAEYANG
Taeyang,Connection - English Version,Solar International,2010-08-19,TAEYANG
Taeyang,Move,Solar International,2010-08-19,TAEYANG
Taeyang,Where U At,Solar International,2010-08-19,TAEYANG
Taeyang,I Need a Girl,Solar International,2010-08-19,TAEYANG
Taeyang,Only Look At Me (나만 바라봐),Solar International,2010-08-19,TAEYANG
Taeyang,Take It Slow,Solar International,2010-08-19,TAEYANG
Taeyang,I'll Be There - Korean Version,Solar International,2010-08-19,TAEYANG
Taeyang,I'll Be There - English Version,Solar International,2010-08-19,TAEYANG
Taeyang,Wedding Dress - English Version,Solar International,2010-08-19,TAEYANG
2NE1,Can't Nobody,To Anyone,2010-09-09,2NE1
2NE1,I'm Busy (난 바빠),To Anyone,2010-09-09,2NE1
2NE1,Can't Nobody - English Version,To Anyone,2010-09-09,2NE1
2NE1,I Don't Care - Reggae Mix,To Anyone,2010-09-09,2NE1
2NE1,Try to Follow Me (날 따라 해봐요),To Anyone,2010-09-09,2NE1
2NE1,Kiss (Dara),To Anyone,2010-09-09,2NE1
2NE1,Please Don't Go (CL&Minzy),To Anyone,2010-09-09,2NE1
2NE1,You and I (Park Bom),To Anyone,2010-09-09,2NE1
2NE1,Ah-Yah-Yah (사랑은 아야야),To Anyone,2010-09-09,2NE1
2NE1,It Hurts (아파) [Slow],To Anyone,2010-09-09,2NE1
2NE1,Clap Your Hands (박수쳐),To Anyone,2010-09-09,2NE1
2NE1,Go Away,To Anyone,2010-09-09,2NE1
GD & TOP,Intro,GD&TOP,2010-12-24,GD&TOP
GD & TOP,High High,GD&TOP,2010-12-24,GD&TOP
GD & TOP,Turn It Up,GD&TOP,2010-12-24,GD&TOP
GD & TOP,What Do You Want?,GD&TOP,2010-12-24,GD&TOP
GD & TOP,Of All Days,GD&TOP,2010-12-24,GD&TOP
GD & TOP,Obsession,GD&TOP,2010-12-24,GD&TOP
GD & TOP,Oh Mom,GD&TOP,2010-12-24,GD&TOP
GD & TOP,Knock Out,GD&TOP,2010-12-24,GD&TOP
GD & TOP,Baby Good Night,GD&TOP,2010-12-24,GD&TOP
GD & TOP,Don't Leave,GD&TOP,2010-12-24,GD&TOP
GD & TOP,Oh Yeah (Feat. Park Bom),GD&TOP,2010-12-24,GD&TOP
BigBang,Cafe,Tonight,2011-02-24,BIGBANG
BigBang,What Is Right,Tonight,2011-02-24,BIGBANG
BigBang,Somebody To Love,Tonight,2011-02-24,BIGBANG
BigBang,Intro (Thank You & You),Tonight,2011-02-24,BIGBANG
BigBang,Hands Up,Tonight,2011-02-24,BIGBANG
BigBang,Tonight,Tonight,2011-02-24,BIGBANG
BigBang,Cafe,BIGBANG Special Edition,2011-04-08,BIGBANG
BigBang,Somebody To Love,BIGBANG Special Edition,2011-04-08,BIGBANG
BigBang,Tonight,BIGBANG Special Edition,2011-04-08,BIGBANG
BigBang,Stupid Liar,BIGBANG Special Edition,2011-04-08,BIGBANG
BigBang,Love Song,BIGBANG Special Edition,2011-04-08,BIGBANG
2NE1,Hate You,2NE1 2nd Mini Album,2011-07-28,2NE1
2NE1,Lonely,2NE1 2nd Mini Album,2011-07-28,2NE1
2NE1,Ugly,2NE1 2nd Mini Album,2011-07-28,2NE1
2NE1,I Am the Best (내가 제일 잘 나가),2NE1 2nd Mini Album,2011-07-28,2NE1
2NE1,Don't Cry,2NE1 2nd Mini Album,2011-07-28,2NE1
2NE1,Don't Stop The Music,2NE1 2nd Mini Album,2011-07-28,2NE1
2NE1,You and I - Live,2NE1 1st LIVE CONCERT [NOLZA!],2011-11-23,2NE1
2NE1,It Hurts - Live,2NE1 1st LIVE CONCERT [NOLZA!],2011-11-23,2NE1
2NE1,I Don't Care - Live,2NE1 1st LIVE CONCERT [NOLZA!],2011-11-23,2NE1
2NE1,Let's Go Party - Live,2NE1 1st LIVE CONCERT [NOLZA!],2011-11-23,2NE1
2NE1,Can't Nobody - Live,2NE1 1st LIVE CONCERT [NOLZA!],2011-11-23,2NE1
2NE1,Fire - Live,2NE1 1st LIVE CONCERT [NOLZA!],2011-11-23,2NE1
2NE1,Go Away - Live,2NE1 1st LIVE CONCERT [NOLZA!],2011-11-23,2NE1
2NE1,I AM THE BEST,2NE1 1st LIVE CONCERT [NOLZA!],2011-11-23,2NE1
2NE1,Lonely - Live,2NE1 1st LIVE CONCERT [NOLZA!],2011-11-23,2NE1
2NE1,Pretty Boy - Live,2NE1 1st LIVE CONCERT [NOLZA!],2011-11-23,2NE1
2NE1,Don't Stop the Music - Live,2NE1 1st LIVE CONCERT [NOLZA!],2011-11-23,2NE1
2NE1,Clap Your Hands - Live,2NE1 1st LIVE CONCERT [NOLZA!],2011-11-23,2NE1
2NE1,Don't Cry - Live,2NE1 1st LIVE CONCERT [NOLZA!],2011-11-23,2NE1
2NE1,Kiss - Live,2NE1 1st LIVE CONCERT [NOLZA!],2011-11-23,2NE1
2NE1,Ugly - Live,2NE1 1st LIVE CONCERT [NOLZA!],2011-11-23,2NE1
SE7EN,Understand (이해해),SE7EN New Mini Album,2012-02-01,SE7EN
SE7EN,Make Good Love,SE7EN New Mini Album,2012-02-01,SE7EN
SE7EN,Somebody Else,SE7EN New Mini Album,2012-02-01,SE7EN
SE7EN,Angel,SE7EN New Mini Album,2012-02-01,SE7EN
SE7EN,When I Can't Sing (내가 노래를 못해도),SE7EN New Mini Album,2012-02-01,SE7EN
SE7EN,That Guy (그런 사람),SE7EN New Mini Album,2012-02-01,SE7EN
BigBang,Intro (Alive),ALIVE,2012-02-29,BIGBANG
BigBang,Love Dust (사랑 먼지),ALIVE,2012-02-29,BIGBANG
BigBang,Blue,ALIVE,2012-02-29,BIGBANG
BigBang,Ain't No Fun (재미없어),ALIVE,2012-02-29,BIGBANG
BigBang,Fantastic Baby,ALIVE,2012-02-29,BIGBANG
BigBang,Wings (날개) [Daesung Solo],ALIVE,2012-02-29,BIGBANG
BigBang,Bad Boy,ALIVE,2012-02-29,BIGBANG
2NE1,LOVE IS OUCH,COLLECTION,2012-03-28,2NE1
2NE1,I DON'T CARE,COLLECTION,2012-03-28,2NE1
2NE1,I AM THE BEST,COLLECTION,2012-03-28,2NE1
2NE1,IT HURTS,COLLECTION,2012-03-28,2NE1
2NE1,CLAP YOUR HANDS,COLLECTION,2012-03-28,2NE1
2NE1,FOLLOW ME,COLLECTION,2012-03-28,2NE1
2NE1,GO AWAY,COLLECTION,2012-03-28,2NE1
2NE1,SCREAM,COLLECTION,2012-03-28,2NE1
2NE1,UGLY,COLLECTION,2012-03-28,2NE1
2NE1,LIKE A VIRGIN,COLLECTION,2012-03-28,2NE1
2NE1,FIRE,COLLECTION,2012-03-28,2NE1
BigBang,Still Alive,Special Edition 'Still Alive',2012-06-03,BIGBANG
BigBang,Monster,Special Edition 'Still Alive',2012-06-03,BIGBANG
BigBang,Fantastic Baby,Special Edition 'Still Alive',2012-06-03,BIGBANG
BigBang,Love Dust (사랑 먼지),Special Edition 'Still Alive',2012-06-03,BIGBANG
BigBang,Ego,Special Edition 'Still Alive',2012-06-03,BIGBANG
BigBang,Bingle Bingle (빙글빙글),Special Edition 'Still Alive',2012-06-03,BIGBANG
BigBang,Feeling,Special Edition 'Still Alive',2012-06-03,BIGBANG
BigBang,Blue,Special Edition 'Still Alive',2012-06-03,BIGBANG
BigBang,Bad Boy,Special Edition 'Still Alive',2012-06-03,BIGBANG
2NE1,I LOVE YOU - Instrumental,I LOVE YOU,2012-07-05,2NE1
2NE1,I LOVE YOU,I LOVE YOU,2012-07-05,2NE1
G-Dragon,One Of A Kind,One of a Kind,2012-09-15,G-DRAGON
G-Dragon,Crayon,One of a Kind,2012-09-15,G-DRAGON
G-Dragon,Without You (Feat. ROSE),One of a Kind,2012-09-15,G-DRAGON
G-Dragon,That XX,One of a Kind,2012-09-15,G-DRAGON
G-Dragon,Missing You (Feat. Kim Yuna),One of a Kind,2012-09-15,G-DRAGON
G-Dragon,Today (Feat. Kim Jong Wan),One of a Kind,2012-09-15,G-DRAGON
G-Dragon,불 붙여봐라 (feat. Tablo & Dok2) CD ONLY,One of a Kind,2012-09-15,G-DRAGON
2NE1,Lonely - Live,2012 2NE1 Global Tour Live New Evolution in Seoul,2012-12-04,2NE1
2NE1,Go Away - Live,2012 2NE1 Global Tour Live New Evolution in Seoul,2012-12-04,2NE1
2NE1,Can't Nobody - Live,2012 2NE1 Global Tour Live New Evolution in Seoul,2012-12-04,2NE1
2NE1,I AM THE BEST,2012 2NE1 Global Tour Live New Evolution in Seoul,2012-12-04,2NE1
2NE1,Clap Your Hands - Live,2012 2NE1 Global Tour Live New Evolution in Seoul,2012-12-04,2NE1
2NE1,"I Don't Care - Reggae Mix, Live",2012 2NE1 Global Tour Live New Evolution in Seoul,2012-12-04,2NE1
2NE1,Don't Stop the Music - Live,2012 2NE1 Global Tour Live New Evolution in Seoul,2012-12-04,2NE1
2NE1,Fire - Live,2012 2NE1 Global Tour Live New Evolution in Seoul,2012-12-04,2NE1
2NE1,In the Club - Live,2012 2NE1 Global Tour Live New Evolution in Seoul,2012-12-04,2NE1
2NE1,Stay Together - Live,2012 2NE1 Global Tour Live New Evolution in Seoul,2012-12-04,2NE1
2NE1,I Love You - Live,2012 2NE1 Global Tour Live New Evolution in Seoul,2012-12-04,2NE1
2NE1,Ugly - Live,2012 2NE1 Global Tour Live New Evolution in Seoul,2012-12-04,2NE1
2NE1,Hate You - Live,2012 2NE1 Global Tour Live New Evolution in Seoul,2012-12-04,2NE1
2NE1,It Hurts - Live,2012 2NE1 Global Tour Live New Evolution in Seoul,2012-12-04,2NE1
BigBang,Last Farewell - Live,2012 BIGBANG Live Concert: Alive Tour in Seoul,2013-01-10,BIGBANG
BigBang,Lies - Live,2012 BIGBANG Live Concert: Alive Tour in Seoul,2013-01-10,BIGBANG
BigBang,Haru Haru - Live,2012 BIGBANG Live Concert: Alive Tour in Seoul,2013-01-10,BIGBANG
BigBang,Love Song - Live,2012 BIGBANG Live Concert: Alive Tour in Seoul,2013-01-10,BIGBANG
BigBang,Ain't No Fun - Live,2012 BIGBANG Live Concert: Alive Tour in Seoul,2013-01-10,BIGBANG
BigBang,Café - Live,2012 BIGBANG Live Concert: Alive Tour in Seoul,2013-01-10,BIGBANG
BigBang,Bad Boy - Live,2012 BIGBANG Live Concert: Alive Tour in Seoul,2013-01-10,BIGBANG
BigBang,Stupid Liar - Live,2012 BIGBANG Live Concert: Alive Tour in Seoul,2013-01-10,BIGBANG
BigBang,Fantastic Baby - Live,2012 BIGBANG Live Concert: Alive Tour in Seoul,2013-01-10,BIGBANG
BigBang,Tonight - Live,2012 BIGBANG Live Concert: Alive Tour in Seoul,2013-01-10,BIGBANG
BigBang,Blue - Live,2012 BIGBANG Live Concert: Alive Tour in Seoul,2013-01-10,BIGBANG
BigBang,Hands Up - Live,2012 BIGBANG Live Concert: Alive Tour in Seoul,2013-01-10,BIGBANG
CL,THE BADDEST FEMALE,THE BADDEST FEMALE,2013-05-28,CL
BigBang,Monster - Live,2013 BIGBANG Alive Galaxy Tour - The Final In Seoul,2013-05-30,BIGBANG
BigBang,Last Farewell - Live,2013 BIGBANG Alive Galaxy Tour - The Final In Seoul,2013-05-30,BIGBANG
BigBang,Lies - Live,2013 BIGBANG Alive Galaxy Tour - The Final In Seoul,2013-05-30,BIGBANG
BigBang,Haru Haru - Live,2013 BIGBANG Alive Galaxy Tour - The Final In Seoul,2013-05-30,BIGBANG
BigBang,Feeling - Live,2013 BIGBANG Alive Galaxy Tour - The Final In Seoul,2013-05-30,BIGBANG
BigBang,Love Song - Live,2013 BIGBANG Alive Galaxy Tour - The Final In Seoul,2013-05-30,BIGBANG
BigBang,Blue - Live,2013 BIGBANG Alive Galaxy Tour - The Final In Seoul,2013-05-30,BIGBANG
BigBang,Bad Boy - Live,2013 BIGBANG Alive Galaxy Tour - The Final In Seoul,2013-05-30,BIGBANG
BigBang,Café - Live,2013 BIGBANG Alive Galaxy Tour - The Final In Seoul,2013-05-30,BIGBANG
BigBang,Stupid Liar - Live,2013 BIGBANG Alive Galaxy Tour - The Final In Seoul,2013-05-30,BIGBANG
BigBang,Fantastic Baby - Live,2013 BIGBANG Alive Galaxy Tour - The Final In Seoul,2013-05-30,BIGBANG
BigBang,Hands Up - Live,2013 BIGBANG Alive Galaxy Tour - The Final In Seoul,2013-05-30,BIGBANG
BigBang,Tonight - Live,2013 BIGBANG Alive Galaxy Tour - The Final In Seoul,2013-05-30,BIGBANG
2NE1,Falling In Love,Falling In Love,2013-07-08,2NE1
2NE1,Do You Love Me,Do You Love Me,2013-08-07,2NE1
G-Dragon,Obsession - Live,2013 G-DRAGON WORLD TOUR 'ONE OF A KIND in SEOUL',2013-09-03,G-DRAGON
G-Dragon,Missing You - Live,2013 G-DRAGON WORLD TOUR 'ONE OF A KIND in SEOUL',2013-09-03,G-DRAGON
G-Dragon,She's Gone - Live,2013 G-DRAGON WORLD TOUR 'ONE OF A KIND in SEOUL',2013-09-03,G-DRAGON
G-Dragon,GO - Live,2013 G-DRAGON WORLD TOUR 'ONE OF A KIND in SEOUL',2013-09-03,G-DRAGON
G-Dragon,Heartbreaker - Live,2013 G-DRAGON WORLD TOUR 'ONE OF A KIND in SEOUL',2013-09-03,G-DRAGON
G-Dragon,Crayon + Fantastic Baby - Live,2013 G-DRAGON WORLD TOUR 'ONE OF A KIND in SEOUL',2013-09-03,G-DRAGON
G-Dragon,One of a Kind - Live,2013 G-DRAGON WORLD TOUR 'ONE OF A KIND in SEOUL',2013-09-03,G-DRAGON
G-Dragon,1 Year - Live,2013 G-DRAGON WORLD TOUR 'ONE OF A KIND in SEOUL',2013-09-03,G-DRAGON
G-Dragon,Butterfly - Live,2013 G-DRAGON WORLD TOUR 'ONE OF A KIND in SEOUL',2013-09-03,G-DRAGON
G-Dragon,This Love - Live,2013 G-DRAGON WORLD TOUR 'ONE OF A KIND in SEOUL',2013-09-03,G-DRAGON
G-Dragon,That XX - Live,2013 G-DRAGON WORLD TOUR 'ONE OF A KIND in SEOUL',2013-09-03,G-DRAGON
G-Dragon,Without You - Live,2013 G-DRAGON WORLD TOUR 'ONE OF A KIND in SEOUL',2013-09-03,G-DRAGON
G-Dragon,Today - Live,2013 G-DRAGON WORLD TOUR 'ONE OF A KIND in SEOUL',2013-09-03,G-DRAGON
G-Dragon,A Boy - Live,2013 G-DRAGON WORLD TOUR 'ONE OF A KIND in SEOUL',2013-09-03,G-DRAGON
G-Dragon,NILIRIA - G-Dragon Version,COUP D'ETAT,2013-09-05,G-DRAGON
G-Dragon,RUNAWAY,COUP D'ETAT,2013-09-05,G-DRAGON
G-Dragon,YOU DO (Outro),COUP D'ETAT,2013-09-05,G-DRAGON
G-Dragon,COUP D'ETAT,COUP D'ETAT (Korean Version),2013-09-05,G-DRAGON
G-Dragon,NILIRIA - Missy Elliott Version,COUP D'ETAT (Korean Version),2013-09-05,G-DRAGON
G-Dragon,I LOVE IT,COUP D'ETAT,2013-09-05,G-DRAGON
G-Dragon,Black (Feat. JENNIE of BLACKPINK),COUP D'ETAT (Korean Version),2013-09-05,G-DRAGON
G-Dragon,YOU DO (Outro),COUP D'ETAT (Korean Version),2013-09-05,G-DRAGON
G-Dragon,I LOVE IT,COUP D'ETAT (Korean Version),2013-09-05,G-DRAGON
G-Dragon,RUNAWAY,COUP D'ETAT (Korean Version),2013-09-05,G-DRAGON
G-Dragon,NILIRIA - G-Dragon Version,COUP D'ETAT (Korean Version),2013-09-05,G-DRAGON
G-Dragon,CROOKED,COUP D'ETAT (Korean Version),2013-09-05,G-DRAGON
G-Dragon,GO,COUP D'ETAT (Korean Version),2013-09-05,G-DRAGON
G-Dragon,WHO YOU?,COUP D'ETAT,2013-09-05,G-DRAGON
G-Dragon,R.O.D.,COUP D'ETAT,2013-09-05,G-DRAGON
G-Dragon,BLACK,COUP D'ETAT,2013-09-05,G-DRAGON
G-Dragon,COUP D'ETAT,COUP D'ETAT,2013-09-05,G-DRAGON
G-Dragon,R.O.D.,COUP D'ETAT (Korean Version),2013-09-05,G-DRAGON
G-Dragon,SHAKE THE WORLD,COUP D'ETAT,2013-09-05,G-DRAGON
G-Dragon,GO,COUP D'ETAT,2013-09-05,G-DRAGON
G-Dragon,CROOKED,COUP D'ETAT,2013-09-05,G-DRAGON
G-Dragon,SHAKE THE WORLD,COUP D'ETAT (Korean Version),2013-09-05,G-DRAGON
G-Dragon,WHO YOU?,COUP D'ETAT (Korean Version),2013-09-05,G-DRAGON
G-Dragon,NILIRIA - Missy Elliott Version,COUP D'ETAT,2013-09-05,G-DRAGON
Taeyang,Ringa Linga,Ringa Linga,2013-11-08,TAEYANG
Taeyang,Ringa Linga,Ringa Linga,2013-11-08,TAEYANG
T.O.P,DOOM DADA,DOOM DADA,2013-11-15,T.O.P.
2NE1,Missing You,Missing You,2013-11-21,2NE1
Taeyang,RINGA LINGA (Shockbit Remix),RINGA LINGA (Shockbit Remix),2013-12-20,TAEYANG
Taeyang,RINGA LINGA (Shockbit Remix),RINGA LINGA (Shockbit Remix),2013-12-20,TAEYANG
2NE1,GOOD TO YOU,CRUSH,2014-02-27,2NE1
2NE1,COME BACK HOME,CRUSH,2014-02-27,2NE1
2NE1,멘붕 - CL SOLO,CRUSH,2014-02-27,2NE1
2NE1,CRUSH,CRUSH,2014-02-27,2NE1
2NE1,GOTTA BE YOU,CRUSH,2014-02-27,2NE1
2NE1,HAPPY,CRUSH,2014-02-27,2NE1
2NE1,IF I WERE YOU,CRUSH,2014-02-27,2NE1
2NE1,BABY I MISS YOU,CRUSH,2014-02-27,2NE1
2NE1,COME BACK HOME - UNPLUGGED VER.,CRUSH,2014-02-27,2NE1
2NE1,SCREAM,CRUSH,2014-02-27,2NE1
BigBang,A Fool of Tears - Live,2014 BIGBANG +α IN SEOUL,2014-03-28,BIGBANG
BigBang,Hands Up - Live,2014 BIGBANG +α IN SEOUL,2014-03-28,BIGBANG
BigBang,Bad Boy - Live,2014 BIGBANG +α IN SEOUL,2014-03-28,BIGBANG
BigBang,Blue - Live,2014 BIGBANG +α IN SEOUL,2014-03-28,BIGBANG
BigBang,Crooked (G-Dragon Solo) - Live,2014 BIGBANG +α IN SEOUL,2014-03-28,BIGBANG
BigBang,Feeling - Live,2014 BIGBANG +α IN SEOUL,2014-03-28,BIGBANG
BigBang,Tonight - Live,2014 BIGBANG +α IN SEOUL,2014-03-28,BIGBANG
BigBang,My Heaven - Live,2014 BIGBANG +α IN SEOUL,2014-03-28,BIGBANG
BigBang,Lies - Live,2014 BIGBANG +α IN SEOUL,2014-03-28,BIGBANG
BigBang,Fantastic Baby - Live,2014 BIGBANG +α IN SEOUL,2014-03-28,BIGBANG
BigBang,Last Farewell - Live,2014 BIGBANG +α IN SEOUL,2014-03-28,BIGBANG
BigBang,Haru Haru - Live,2014 BIGBANG +α IN SEOUL,2014-03-28,BIGBANG
Taeyang,STAY WITH ME,RISE,2014-06-03,TAEYANG
Taeyang,LOVE YOU TO DEATH,RISE,2014-06-03,TAEYANG
Taeyang,버리고 (Let Go),RISE,2014-06-03,TAEYANG
Taeyang,이게 아닌데 (This Ain't It),RISE,2014-06-03,TAEYANG
Taeyang,링가링가 (RINGA LINGA),RISE,2014-06-03,TAEYANG
Taeyang,새벽한시 (1AM),RISE,2014-06-03,TAEYANG
Taeyang,아름다워 (BODY),RISE,2014-06-03,TAEYANG
Taeyang,버리고 (Let Go),RISE,2014-06-03,TAEYANG
Taeyang,이게 아닌데 (This Ain't It),RISE,2014-06-03,TAEYANG
Taeyang,링가링가 (RINGA LINGA),RISE,2014-06-03,TAEYANG
Taeyang,Intro (RISE),RISE,2014-06-03,TAEYANG
Taeyang,STAY WITH ME,RISE,2014-06-03,TAEYANG
Taeyang,새벽한시 (1AM),RISE,2014-06-03,TAEYANG
Taeyang,"눈,코,입 (Eyes, Nose, Lips)",RISE,2014-06-03,TAEYANG
Taeyang,Intro (RISE),RISE,2014-06-03,TAEYANG
Taeyang,"눈,코,입 (Eyes, Nose, Lips)",RISE,2014-06-03,TAEYANG
Taeyang,LOVE YOU TO DEATH,RISE,2014-06-03,TAEYANG
Taeyang,아름다워 (BODY),RISE,2014-06-03,TAEYANG
2NE1,Missing You - Live,2014 2NE1 World Tour Live - All Or Nothing In Seoul,2014-06-23,2NE1
2NE1,Ugly - Live,2014 2NE1 World Tour Live - All Or Nothing In Seoul,2014-06-23,2NE1
2NE1,"Go Away - Rock Version, Live",2014 2NE1 World Tour Live - All Or Nothing In Seoul,2014-06-23,2NE1
2NE1,"I Don't Care - Rock Version, Live",2014 2NE1 World Tour Live - All Or Nothing In Seoul,2014-06-23,2NE1
2NE1,"I Am the Best - Motorcycle Version, Live",2014 2NE1 World Tour Live - All Or Nothing In Seoul,2014-06-23,2NE1
2NE1,Scream - Live,2014 2NE1 World Tour Live - All Or Nothing In Seoul,2014-06-23,2NE1
2NE1,The Baddest Female / MTBD - Live,2014 2NE1 World Tour Live - All Or Nothing In Seoul,2014-06-23,2NE1
2NE1,Gotta Be You - Live,2014 2NE1 World Tour Live - All Or Nothing In Seoul,2014-06-23,2NE1
2NE1,Come Back Home - Live,2014 2NE1 World Tour Live - All Or Nothing In Seoul,2014-06-23,2NE1
2NE1,I Love You - Live,2014 2NE1 World Tour Live - All Or Nothing In Seoul,2014-06-23,2NE1
2NE1,Crush - Live,2014 2NE1 World Tour Live - All Or Nothing In Seoul,2014-06-23,2NE1
2NE1,Do You Love Me? - Live,2014 2NE1 World Tour Live - All Or Nothing In Seoul,2014-06-23,2NE1
2NE1,If I Were You - Live,2014 2NE1 World Tour Live - All Or Nothing In Seoul,2014-06-23,2NE1
2NE1,"Don't Stop the Music - Short Version, Live",2014 2NE1 World Tour Live - All Or Nothing In Seoul,2014-06-23,2NE1
2NE1,Pretty Boy - Live,2014 2NE1 World Tour Live - All Or Nothing In Seoul,2014-06-23,2NE1
2NE1,Clap Your Hands - Live,2014 2NE1 World Tour Live - All Or Nothing In Seoul,2014-06-23,2NE1
2NE1,Fire - Live,2014 2NE1 World Tour Live - All Or Nothing In Seoul,2014-06-23,2NE1
2NE1,"Come Back Home - Unplugged Version, Live",2014 2NE1 World Tour Live - All Or Nothing In Seoul,2014-06-23,2NE1
지누션,Tell Me One More Time,Tell Me One More Time,2015-04-15,JINUSEAN
BigBang,BAE BAE,M,2015-05-01,BIGBANG
BigBang,LOSER,M,2015-05-01,BIGBANG
SE7EN,Die Schatten Werden Laenger,Musical Elisabeth,2015-05-08,SE7EN
CL,"Doctor Pepper (feat. CL, RiFF RAFF & OG Maco)",Doctor Pepper,2015-05-26,CL
BigBang,WE LIKE 2 PARTY,A,2015-06-01,BIGBANG
BigBang,BANG BANG BANG,A,2015-06-01,BIGBANG
BigBang,SOBER,D,2015-07-01,BIGBANG
BigBang,IF YOU,D,2015-07-01,BIGBANG
BigBang,Let's not fall in love,E,2015-08-05,BIGBANG
BigBang,ZUTTER (GD&T.O.P),E,2015-08-05,BIGBANG
CL,Hello Bitches,Hello Bitches,2015-12-05,CL
SE7EN,Insensitivity - Instrumental,MONSTER (Original Television Soundtrack) Pt. 2,2016-05-17,SE7EN
SE7EN,Insensitivity,MONSTER (Original Television Soundtrack) Pt. 2,2016-05-17,SE7EN
BigBang,Crooked - Live,2016 BIGBANG WORLD TOUR [MADE] FINAL IN SEOUL LIVE,2016-05-27,BIGBANG
BigBang,Good Boy - Live,2016 BIGBANG WORLD TOUR [MADE] FINAL IN SEOUL LIVE,2016-05-27,BIGBANG
BigBang,Zutter - Live,2016 BIGBANG WORLD TOUR [MADE] FINAL IN SEOUL LIVE,2016-05-27,BIGBANG
BigBang,"Eyes, Nose, Lips - Live",2016 BIGBANG WORLD TOUR [MADE] FINAL IN SEOUL LIVE,2016-05-27,BIGBANG
BigBang,Doom Dada - Live,2016 BIGBANG WORLD TOUR [MADE] FINAL IN SEOUL LIVE,2016-05-27,BIGBANG
BigBang,Bad Boy - Live,2016 BIGBANG WORLD TOUR [MADE] FINAL IN SEOUL LIVE,2016-05-27,BIGBANG
BigBang,Strong Baby - Live,2016 BIGBANG WORLD TOUR [MADE] FINAL IN SEOUL LIVE,2016-05-27,BIGBANG
BigBang,If You - Live,2016 BIGBANG WORLD TOUR [MADE] FINAL IN SEOUL LIVE,2016-05-27,BIGBANG
BigBang,Haru Haru - Live,2016 BIGBANG WORLD TOUR [MADE] FINAL IN SEOUL LIVE,2016-05-27,BIGBANG
BigBang,Wings - Live,2016 BIGBANG WORLD TOUR [MADE] FINAL IN SEOUL LIVE,2016-05-27,BIGBANG
BigBang,Sober - Live,2016 BIGBANG WORLD TOUR [MADE] FINAL IN SEOUL LIVE,2016-05-27,BIGBANG
BigBang,Loser - Live,2016 BIGBANG WORLD TOUR [MADE] FINAL IN SEOUL LIVE,2016-05-27,BIGBANG
BigBang,Stupid Liar - Live,2016 BIGBANG WORLD TOUR [MADE] FINAL IN SEOUL LIVE,2016-05-27,BIGBANG
BigBang,Tonight - Live,2016 BIGBANG WORLD TOUR [MADE] FINAL IN SEOUL LIVE,2016-05-27,BIGBANG
BigBang,Bang Bang Bang - Live,2016 BIGBANG WORLD TOUR [MADE] FINAL IN SEOUL LIVE,2016-05-27,BIGBANG
BigBang,Blue - Live,2016 BIGBANG WORLD TOUR [MADE] FINAL IN SEOUL LIVE,2016-05-27,BIGBANG
BigBang,Fantastic Baby - Live,2016 BIGBANG WORLD TOUR [MADE] FINAL IN SEOUL LIVE,2016-05-27,BIGBANG
BigBang,We Like 2 Party (Encore) - Live,2016 BIGBANG WORLD TOUR [MADE] FINAL IN SEOUL LIVE,2016-05-27,BIGBANG
BigBang,Lies (Encore) - Live,2016 BIGBANG WORLD TOUR [MADE] FINAL IN SEOUL LIVE,2016-05-27,BIGBANG
BigBang,Bang Bang Bang (Encore) - Live,2016 BIGBANG WORLD TOUR [MADE] FINAL IN SEOUL LIVE,2016-05-27,BIGBANG
BigBang,Bae Bae - Live,2016 BIGBANG WORLD TOUR [MADE] FINAL IN SEOUL LIVE,2016-05-27,BIGBANG
SE7EN,ケンチャナ,RAINBOW-selection,2016-07-07,SE7EN
SE7EN,君が好きだよ,RAINBOW-selection,2016-07-07,SE7EN
SE7EN,RAINBOW,RAINBOW-selection,2016-07-07,SE7EN
CL,LIFTED,LIFTED,2016-08-19,CL
SE7EN,11:30 (feat.MASTA WU),I AM SE7EN,2016-10-14,SE7EN
SE7EN,5-6-7,I AM SE7EN,2016-10-14,SE7EN
SE7EN,GIVE IT TO ME,I AM SE7EN,2016-10-14,SE7EN
SE7EN,GOOD NIGHT (feat.REDDY),I AM SE7EN,2016-10-14,SE7EN
SE7EN,ELEVEN9 (INTRO),I AM SE7EN,2016-10-14,SE7EN
SE7EN,I’M GOOD,I AM SE7EN,2016-10-14,SE7EN
SE7EN,GIVE IT TO ME (inst),I AM SE7EN,2016-10-14,SE7EN
BigBang,FXXK IT,MADE,2016-12-13,BIGBANG
BigBang,LAST DANCE,MADE,2016-12-13,BIGBANG
BigBang,GIRLFRIEND,MADE,2016-12-13,BIGBANG
BigBang,SOBER,MADE,2016-12-13,BIGBANG
BigBang,LOSER,MADE,2016-12-13,BIGBANG
BigBang,BAE BAE,MADE,2016-12-13,BIGBANG
BigBang,WE LIKE 2 PARTY,MADE,2016-12-13,BIGBANG
BigBang,ZUTTER (GD&T.O.P),MADE,2016-12-13,BIGBANG
BigBang,IF YOU,MADE,2016-12-13,BIGBANG
BigBang,LET'S NOT FALL IN LOVE,MADE,2016-12-13,BIGBANG
BigBang,BANG BANG BANG,MADE,2016-12-13,BIGBANG
2NE1,Goodbye,Goodbye,2017-01-21,2NE1
BigBang,HEAVEN - Live,BIGBANG10 THE CONCERT 0.TO.10 IN SEOUL,2017-02-08,BIGBANG
BigBang,WE LIKE 2 PARTY - Live,BIGBANG10 THE CONCERT 0.TO.10 IN SEOUL,2017-02-08,BIGBANG
BigBang,HANDS UP - Live,BIGBANG10 THE CONCERT 0.TO.10 IN SEOUL,2017-02-08,BIGBANG
BigBang,BAD BOY - Live,BIGBANG10 THE CONCERT 0.TO.10 IN SEOUL,2017-02-08,BIGBANG
BigBang,FEELING - Live,BIGBANG10 THE CONCERT 0.TO.10 IN SEOUL,2017-02-08,BIGBANG
BigBang,LOOK AT ME GWISOON - Live,BIGBANG10 THE CONCERT 0.TO.10 IN SEOUL,2017-02-08,BIGBANG
BigBang,LOSER - Live,BIGBANG10 THE CONCERT 0.TO.10 IN SEOUL,2017-02-08,BIGBANG
BigBang,"EYES, NOSE, LIPS - Live",BIGBANG10 THE CONCERT 0.TO.10 IN SEOUL,2017-02-08,BIGBANG
BigBang,BAE BAE - Live,BIGBANG10 THE CONCERT 0.TO.10 IN SEOUL,2017-02-08,BIGBANG
BigBang,ALWAYS - Live,BIGBANG10 THE CONCERT 0.TO.10 IN SEOUL,2017-02-08,BIGBANG
BigBang,LIES - Live,BIGBANG10 THE CONCERT 0.TO.10 IN SEOUL,2017-02-08,BIGBANG
BigBang,PRETENDED - Live,BIGBANG10 THE CONCERT 0.TO.10 IN SEOUL,2017-02-08,BIGBANG
BigBang,LAST FAREWELL - Live,BIGBANG10 THE CONCERT 0.TO.10 IN SEOUL,2017-02-08,BIGBANG
BigBang,RED SUNSET - Live,BIGBANG10 THE CONCERT 0.TO.10 IN SEOUL,2017-02-08,BIGBANG
BigBang,FANTASTIC BABY - Live,BIGBANG10 THE CONCERT 0.TO.10 IN SEOUL,2017-02-08,BIGBANG
BigBang,BANG BANG BANG - Live,BIGBANG10 THE CONCERT 0.TO.10 IN SEOUL,2017-02-08,BIGBANG
BigBang,HARU HARU - Live,BIGBANG10 THE CONCERT 0.TO.10 IN SEOUL,2017-02-08,BIGBANG
BigBang,IF YOU - Live,BIGBANG10 THE CONCERT 0.TO.10 IN SEOUL,2017-02-08,BIGBANG
BigBang,SOBER - Live,BIGBANG10 THE CONCERT 0.TO.10 IN SEOUL,2017-02-08,BIGBANG
BigBang,RINGA LINGA - Live,BIGBANG10 THE CONCERT 0.TO.10 IN SEOUL,2017-02-08,BIGBANG
BigBang,GIRLFRIEND - Live,BIGBANG10 THE CONCERT 0.TO.10 FINAL IN SEOUL,2017-05-25,BIGBANG
BigBang,BAE BAE - Live,BIGBANG10 THE CONCERT 0.TO.10 FINAL IN SEOUL,2017-05-25,BIGBANG
BigBang,ALWAYS - Live,BIGBANG10 THE CONCERT 0.TO.10 FINAL IN SEOUL,2017-05-25,BIGBANG
BigBang,LIES - Live,BIGBANG10 THE CONCERT 0.TO.10 FINAL IN SEOUL,2017-05-25,BIGBANG
BigBang,FEELING - Live,BIGBANG10 THE CONCERT 0.TO.10 FINAL IN SEOUL,2017-05-25,BIGBANG
BigBang,LAST FAREWELL - Live,BIGBANG10 THE CONCERT 0.TO.10 FINAL IN SEOUL,2017-05-25,BIGBANG
BigBang,SOBER - Live,BIGBANG10 THE CONCERT 0.TO.10 FINAL IN SEOUL,2017-05-25,BIGBANG
BigBang,HEAVEN - Live,BIGBANG10 THE CONCERT 0.TO.10 FINAL IN SEOUL,2017-05-25,BIGBANG
BigBang,WE LIKE 2 PARTY - Live,BIGBANG10 THE CONCERT 0.TO.10 FINAL IN SEOUL,2017-05-25,BIGBANG
BigBang,HANDS UP - Live,BIGBANG10 THE CONCERT 0.TO.10 FINAL IN SEOUL,2017-05-25,BIGBANG
BigBang,BAD BOY - Live,BIGBANG10 THE CONCERT 0.TO.10 FINAL IN SEOUL,2017-05-25,BIGBANG
BigBang,LOSER - Live,BIGBANG10 THE CONCERT 0.TO.10 FINAL IN SEOUL,2017-05-25,BIGBANG
BigBang,FXXK IT - Live,BIGBANG10 THE CONCERT 0.TO.10 FINAL IN SEOUL,2017-05-25,BIGBANG
BigBang,PRETENDED - Live,BIGBANG10 THE CONCERT 0.TO.10 FINAL IN SEOUL,2017-05-25,BIGBANG
BigBang,"EYES, NOSE, LIPS - Live",BIGBANG10 THE CONCERT 0.TO.10 FINAL IN SEOUL,2017-05-25,BIGBANG
BigBang,FANTASTIC BABY - Live,BIGBANG10 THE CONCERT 0.TO.10 FINAL IN SEOUL,2017-05-25,BIGBANG
BigBang,BANG BANG BANG - Live,BIGBANG10 THE CONCERT 0.TO.10 FINAL IN SEOUL,2017-05-25,BIGBANG
BigBang,IF YOU - Live,BIGBANG10 THE CONCERT 0.TO.10 FINAL IN SEOUL,2017-05-25,BIGBANG
BigBang,LAST DANCE - Live,BIGBANG10 THE CONCERT 0.TO.10 FINAL IN SEOUL,2017-05-25,BIGBANG
G-Dragon,"무제(無題) (Untitled, 2014)",KWON JI YONG,2017-06-08,G-DRAGON
G-Dragon,OUTRO. 신곡(神曲) (Divina Commedia),KWON JI YONG,2017-06-08,G-DRAGON
G-Dragon,개소리 (BULLSHIT),KWON JI YONG,2017-06-08,G-DRAGON
G-Dragon,INTRO. 권지용 (Middle Fingers-Up),KWON JI YONG,2017-06-08,G-DRAGON
G-Dragon,SUPER STAR,KWON JI YONG,2017-06-08,G-DRAGON
Taeyang,WAKE ME UP,WHITE NIGHT,2017-08-16,TAEYANG
Taeyang,DARLING,WHITE NIGHT,2017-08-16,TAEYANG
Taeyang,WHITE NIGHT,WHITE NIGHT,2017-08-16,TAEYANG
Taeyang,AMAZIN',WHITE NIGHT,2017-08-16,TAEYANG
Taeyang,NAKED,WHITE NIGHT,2017-08-16,TAEYANG
Taeyang,TONIGHT,WHITE NIGHT,2017-08-16,TAEYANG
Taeyang,TONIGHT,WHITE NIGHT,2017-08-16,TAEYANG
Taeyang,NAKED,WHITE NIGHT,2017-08-16,TAEYANG
Taeyang,EMPTY ROAD,WHITE NIGHT,2017-08-16,TAEYANG
Taeyang,AMAZIN',WHITE NIGHT,2017-08-16,TAEYANG
Taeyang,RIDE,WHITE NIGHT,2017-08-16,TAEYANG
Taeyang,DARLING,WHITE NIGHT,2017-08-16,TAEYANG
Taeyang,WAKE ME UP,WHITE NIGHT,2017-08-16,TAEYANG
Taeyang,WHITE NIGHT,WHITE NIGHT,2017-08-16,TAEYANG
Taeyang,RIDE,WHITE NIGHT,2017-08-16,TAEYANG
Taeyang,EMPTY ROAD,WHITE NIGHT,2017-08-16,TAEYANG
Taeyang,LOUDER,LOUDER,2018-01-10,TAEYANG
Taeyang,LOUDER,LOUDER,2018-01-10,TAEYANG
BigBang,FLOWER ROAD,FLOWER ROAD,2018-03-13,BIGBANG
BigBang,I KNOW - BIGBANG JAPAN DOME TOUR 2017 -LAST DANCE- : THE FINAL,BIGBANG JAPAN DOME TOUR 2017 -LAST DANCE- : THE FINAL,2018-08-17,BIGBANG
BigBang,GOOD BOY - BIGBANG JAPAN DOME TOUR 2017 -LAST DANCE- : THE FINAL,BIGBANG JAPAN DOME TOUR 2017 -LAST DANCE- : THE FINAL,2018-08-17,BIGBANG
BigBang,COME TO MY - BIGBANG JAPAN DOME TOUR 2017 -LAST DANCE- : THE FINAL,BIGBANG JAPAN DOME TOUR 2017 -LAST DANCE- : THE FINAL,2018-08-17,BIGBANG
BigBang,A・ZE・CHO ! - BIGBANG JAPAN DOME TOUR 2017 -LAST DANCE- : THE FINAL,BIGBANG JAPAN DOME TOUR 2017 -LAST DANCE- : THE FINAL,2018-08-17,BIGBANG
BigBang,"Look at me, Gwisun - BIGBANG JAPAN DOME TOUR 2017 -LAST DANCE- : THE FINAL",BIGBANG JAPAN DOME TOUR 2017 -LAST DANCE- : THE FINAL,2018-08-17,BIGBANG
BigBang,D-Day - BIGBANG JAPAN DOME TOUR 2017 -LAST DANCE- : THE FINAL,BIGBANG JAPAN DOME TOUR 2017 -LAST DANCE- : THE FINAL,2018-08-17,BIGBANG
BigBang,IF YOU - BIGBANG JAPAN DOME TOUR 2017 -LAST DANCE- : THE FINAL,BIGBANG JAPAN DOME TOUR 2017 -LAST DANCE- : THE FINAL,2018-08-17,BIGBANG
BigBang,KOE WO KIKASETE - BIGBANG JAPAN DOME TOUR 2017 -LAST DANCE- : THE FINAL,BIGBANG JAPAN DOME TOUR 2017 -LAST DANCE- : THE FINAL,2018-08-17,BIGBANG
BigBang,FANTASTIC BABY - BIGBANG JAPAN DOME TOUR 2017 -LAST DANCE- : THE FINAL,BIGBANG JAPAN DOME TOUR 2017 -LAST DANCE- : THE FINAL,2018-08-17,BIGBANG
BigBang,BANG BANG BANG - BIGBANG JAPAN DOME TOUR 2017 -LAST DANCE- : THE FINAL,BIGBANG JAPAN DOME TOUR 2017 -LAST DANCE- : THE FINAL,2018-08-17,BIGBANG
BigBang,MY HEAVEN - BIGBANG JAPAN DOME TOUR 2017 -LAST DANCE- : THE FINAL,BIGBANG JAPAN DOME TOUR 2017 -LAST DANCE- : THE FINAL,2018-08-17,BIGBANG
BigBang,"Untitled, 2014 - BIGBANG JAPAN DOME TOUR 2017 -LAST DANCE- : THE FINAL",BIGBANG JAPAN DOME TOUR 2017 -LAST DANCE- : THE FINAL,2018-08-17,BIGBANG
BigBang,FEELING - BIGBANG JAPAN DOME TOUR 2017 -LAST DANCE- : THE FINAL,BIGBANG JAPAN DOME TOUR 2017 -LAST DANCE- : THE FINAL,2018-08-17,BIGBANG
BigBang,BAE BAE - BIGBANG JAPAN DOME TOUR 2017 -LAST DANCE- : THE FINAL,BIGBANG JAPAN DOME TOUR 2017 -LAST DANCE- : THE FINAL,2018-08-17,BIGBANG
BigBang,LAST DANCE - BIGBANG JAPAN DOME TOUR 2017 -LAST DANCE- : THE FINAL,BIGBANG JAPAN DOME TOUR 2017 -LAST DANCE- : THE FINAL,2018-08-17,BIGBANG
BigBang,HaruHaru - BIGBANG JAPAN DOME TOUR 2017 -LAST DANCE- : THE FINAL,BIGBANG JAPAN DOME TOUR 2017 -LAST DANCE- : THE FINAL,2018-08-17,BIGBANG
BigBang,SUPER STAR - BIGBANG JAPAN DOME TOUR 2017 -LAST DANCE- : THE FINAL,BIGBANG JAPAN DOME TOUR 2017 -LAST DANCE- : THE FINAL,2018-08-17,BIGBANG
BigBang,BLUE - BIGBANG SPECIAL EVENT @ KYOCERA DOME OSAKA,BIGBANG JAPAN DOME TOUR 2017 -LAST DANCE- : THE FINAL,2018-08-17,BIGBANG
BigBang,WAKE ME UP - BIGBANG JAPAN DOME TOUR 2017 -LAST DANCE- : THE FINAL,BIGBANG JAPAN DOME TOUR 2017 -LAST DANCE- : THE FINAL,2018-08-17,BIGBANG
BigBang,DARLING - BIGBANG JAPAN DOME TOUR 2017 -LAST DANCE- : THE FINAL,BIGBANG JAPAN DOME TOUR 2017 -LAST DANCE- : THE FINAL,2018-08-17,BIGBANG
BigBang,HANDS UP - BIGBANG JAPAN DOME TOUR 2017 -LAST DANCE- : THE FINAL,BIGBANG JAPAN DOME TOUR 2017 -LAST DANCE- : THE FINAL,2018-08-17,BIGBANG
BigBang,SOBER - BIGBANG JAPAN DOME TOUR 2017 -LAST DANCE- : THE FINAL,BIGBANG JAPAN DOME TOUR 2017 -LAST DANCE- : THE FINAL,2018-08-17,BIGBANG
BigBang,GIRLFRIEND - BIGBANG SPECIAL EVENT @ KYOCERA DOME OSAKA,BIGBANG JAPAN DOME TOUR 2017 -LAST DANCE- : THE FINAL,2018-08-17,BIGBANG
BigBang,FXXK IT - BIGBANG JAPAN DOME TOUR 2017 -LAST DANCE- : THE FINAL,BIGBANG JAPAN DOME TOUR 2017 -LAST DANCE- : THE FINAL,2018-08-17,BIGBANG
BigBang,LOSER - BIGBANG JAPAN DOME TOUR 2017 -LAST DANCE- : THE FINAL,BIGBANG JAPAN DOME TOUR 2017 -LAST DANCE- : THE FINAL,2018-08-17,BIGBANG
BigBang,BAD BOY - BIGBANG JAPAN DOME TOUR 2017 -LAST DANCE- : THE FINAL,BIGBANG JAPAN DOME TOUR 2017 -LAST DANCE- : THE FINAL,2018-08-17,BIGBANG
BigBang,WE LIKE 2 PARTY - BIGBANG JAPAN DOME TOUR 2017 -LAST DANCE- : THE FINAL,BIGBANG JAPAN DOME TOUR 2017 -LAST DANCE- : THE FINAL,2018-08-17,BIGBANG
CL,+DONE161201+,In The Name Of Love,2019-12-17,CL
CL,+REWIND170205+,In The Name Of Love,2019-12-17,CL
CL,+PARADOX171115+,In The Name Of Love,2019-12-17,CL
CL,+ONE AND ONLY180228+,In The Name Of Love,2019-12-17,CL
CL,+I QUIT180327+,In The Name Of Love,2019-12-17,CL
CL,+THNX190519+,In The Name Of Love,2019-12-17,CL
CL,+PARADOX171115+,In The Name Of Love 2,2019-12-17,CL
CL,+DONE161201+,In The Name Of Love,2019-12-17,CL
CL,+REWIND170205+,In The Name Of Love,2019-12-17,CL
CL,+I QUIT180327+,In The Name Of Love 2,2019-12-17,CL
SE7EN,Упал,Упал,2020-04-09,SE7EN
SE7EN,KONNI KONNI,KONNI KONNI,2020-11-09,SE7EN
CL,Wish You Were Here,Wish You Were Here,2021-02-26,CL
SE7EN,Obsidian Farm,Mediocre Step,2021-07-16,SE7EN
SE7EN,Pastel Blizzard,Mediocre Step,2021-07-16,SE7EN
SE7EN,Temple Rum,Mediocre Step,2021-07-16,SE7EN
SE7EN,Discover Voyage,Mediocre Step,2021-07-16,SE7EN
SE7EN,Stray Leaves,Mediocre Step,2021-07-16,SE7EN
SE7EN,Mediocre Step,Mediocre Step,2021-07-16,SE7EN
CL,5 STAR,5 STAR,2021-08-01,CL
CL,HWA,HWA,2021-08-01,CL
CL,SPICY,SPICY,2021-08-24,CL
CL,SPICY - Remix,Spicy (Remix),2021-09-08,CL
CL,Lover Like Me,Lover Like Me,2021-09-29,CL
CL,Xai,ALPHA,2021-10-20,CL
CL,Let It,ALPHA,2021-10-20,CL
CL,Chuck,ALPHA,2021-10-20,CL
CL,Tie a Cherry,ALPHA,2021-10-20,CL
CL,SPICY,ALPHA,2021-10-20,CL
CL,My Way,ALPHA,2021-10-20,CL
CL,Siren,ALPHA,2021-10-20,CL
CL,HWA,ALPHA,2021-10-20,CL
CL,5 STAR,ALPHA,2021-10-20,CL
CL,Lover Like Me,ALPHA,2021-10-20,CL
CL,Paradise,ALPHA,2021-10-20,CL
SE7EN,Business,Business,2022-01-27,SE7EN
BigBang,Still Life,Still Life,2022-04-05,BIGBANG
SE7EN,모나리자,MONALISA,2022-04-14,SE7EN
SE7EN,Mona Lisa,MONALISA,2022-04-14,SE7EN
CL,해초 스웩 (아기상어 올리와 윌리엄),아기상어 올리와 윌리엄 OST (Special Track),2022-06-28,CL
Taeyang,VIBE (feat. Jimin of BTS),VIBE (feat. Jimin of BTS),2023-01-13,TAEYANG
Taeyang,VIBE (feat. Jimin of BTS),VIBE (feat. Jimin of BTS),2023-01-13,TAEYANG
Taeyang,VIBE (feat. Jimin of BTS),Down to Earth,2023-04-25,TAEYANG
Taeyang,Nightfall (feat. Bryan Chase),Down to Earth,2023-04-25,TAEYANG
Taeyang,Seed,Down to Earth,2023-04-25,TAEYANG
Taeyang,Shoong! (feat. LISA of BLACKPINK),Down to Earth,2023-04-25,TAEYANG
Taeyang,VIBE (feat. Jimin of BTS),Down to Earth,2023-04-25,TAEYANG
Taeyang,Shoong! (feat. LISA of BLACKPINK),Down to Earth,2023-04-25,TAEYANG
Taeyang,Inspiration (feat. Beenzino),Down to Earth,2023-04-25,TAEYANG
Taeyang,Inspiration (feat. Beenzino),Down to Earth,2023-04-25,TAEYANG
Taeyang,Reason,Down to Earth,2023-04-25,TAEYANG
Taeyang,Seed,Down to Earth,2023-04-25,TAEYANG
Taeyang,Reason,Down to Earth,2023-04-25,TAEYANG
Taeyang,Nightfall (feat. Bryan Chase),Down to Earth,2023-04-25,TAEYANG
SE7EN,AKASHI,AKASHI,2023-05-26,SE7EN
SE7EN,You and I,You and I,2023-07-03,SE7EN
대성,"Unexpected Business Season 3 ""Los Angeles"": When You Go To Na-Seong (Original Television Soundtrack)","Unexpected Business Season 3 ""Los Angeles"": When You Go To Na-Seong (Original Television Soundtrack)",2023-12-07,DAESUNG
Daesung,"Unexpected Business Season 3 ""Los Angeles"": When You Go To Na-Seong (Original Television Soundtrack)","Unexpected Business Season 3 ""Los Angeles"": When You Go To Na-Seong (Original Television Soundtrack)",2023-12-07,DAESUNG
Daesung,Flow,DAESUNG Special Single,2023-12-18,DAESUNG
Daesung,Flow - Inst.,DAESUNG Special Single,2023-12-18,DAESUNG
대성,Flow - Inst.,DAESUNG Special Single,2023-12-18,DAESUNG
대성,Flow,DAESUNG Special Single,2023-12-18,DAESUNG
SE7EN,Remember When,Remember When,2023-12-26,SE7EN
대성,Light,Falling Slowly,2024-03-05,DAESUNG
대성,Falling Slowly,Falling Slowly,2024-03-05,DAESUNG
Daesung,Light,Falling Slowly,2024-03-05,DAESUNG
Daesung,Falling Slowly,Falling Slowly,2024-03-05,DAESUNG
Daesung,Our Memories,FlexxCop OST Part.4 (Soundtrack),2024-03-15,DAESUNG
대성,Our Memories (Inst.),FlexxCop OST Part.4 (Soundtrack),2024-03-15,DAESUNG
대성,Our Memories,FlexxCop OST Part.4 (Soundtrack),2024-03-15,DAESUNG
Daesung,Our Memories (Inst.),FlexxCop OST Part.4 (Soundtrack),2024-03-15,DAESUNG
