2013,Big Hit Entertainment,BTS,No More Dream
2013,Big Hit Entertainment,BTS,We Are Bulletproof Pt.2
2013,Big Hit Entertainment,BTS,N.O
2013,Big Hit Entertainment,BTS,상남자 (Boy In Luv)
2013,Big Hit Entertainment,BTS,하루만 (Just One Day)
2013,Big Hit Entertainment,BTS,Intro: O!RUL8,2?
2013,Big Hit Entertainment,BTS,Interlude
2013,Big Hit Entertainment,BTS,Outro: Luv In Skool
2013,Big Hit Entertainment,BTS,팔도강산 (Paldogangsan)
2013,Big Hit Entertainment,BTS,Like
2013,Big Hit Entertainment,BTS,Skit: Circle Room Talk
2014,Big Hit Entertainment,BTS,Miss Right
2014,Big Hit Entertainment,BTS,좋아요 (I Like It) (Slow Jam Remix)
2014,Big Hit Entertainment,BTS,Intro: Skool Luv Affair
2014,Big Hit Entertainment,BTS,어디에서 왔는지 (Where Did You Come From)
2014,Big Hit Entertainment,BTS,Tomorrow
2014,Big Hit Entertainment,BTS,BTS Cypher Pt.2: Triptych
2014,Big Hit Entertainment,BTS,등골브레이커 (Spine Breaker)
2014,Big Hit Entertainment,BTS,Jump
2014,Big Hit Entertainment,BTS,Outro: Propose
2014,Big Hit Entertainment,BTS,Intro: What Am I To You
2014,Big Hit Entertainment,BTS,Danger
2014,Big Hit Entertainment,BTS,War of Hormone
2014,Big Hit Entertainment,BTS,Hip Hop Lover
2014,Big Hit Entertainment,BTS,Let Me Know
2014,Big Hit Entertainment,BTS,Rain
2014,Big Hit Entertainment,BTS,BTS Cypher Pt.3: Killer (Feat. Supreme Boi)
2014,Big Hit Entertainment,BTS,Interlude: 뭐해 (What Are You Doing)
2014,Big Hit Entertainment,BTS,핸드폰 좀 꺼줄래 (Could You Turn Off Your Cell Phone?)
2014,Big Hit Entertainment,BTS,이불킥 (Blanket Kick/Embarrassed)
2014,Big Hit Entertainment,BTS,24/7=Heaven
2014,Big Hit Entertainment,BTS,여기 봐 (Look Here)
2014,Big Hit Entertainment,BTS,2학년 (Second Grade)
2014,Big Hit Entertainment,BTS,Outro: 그게 말이 돼? (Does That Make Sense?)
2015,Big Hit Entertainment,BTS,Intro: 화양연화 (The Most Beautiful Moment in Life)
2015,Big Hit Entertainment,BTS,I Need U
2015,Big Hit Entertainment,BTS,잡아줘 (Hold Me Tight)
2015,Big Hit Entertainment,BTS,Outro: Love Is Not Over
2015,Big Hit Entertainment,BTS,FOR YOU
2015,Big Hit Entertainment,BTS,Run
2015,Big Hit Entertainment,BTS,Butterfly
2015,Big Hit Entertainment,BTS,Whalien 52
2015,Big Hit Entertainment,BTS,Ma City
2015,Big Hit Entertainment,BTS,뱁새 (Silver Spoon)
2015,Big Hit Entertainment,BTS,고엽 (Autumn Leaves)
2015,Big Hit Entertainment,BTS,Outro: House of Cards
2016,Big Hit Entertainment,BTS,Intro: 화양연화 (The Most Beautiful Moment in Life) Pt. 2
2016,Big Hit Entertainment,BTS,Fire
2016,Big Hit Entertainment,BTS,Save Me
2016,Big Hit Entertainment,BTS,Epilogue: Young Forever
2016,Big Hit Entertainment,BTS,Awake
2016,Big Hit Entertainment,BTS,Blood Sweat & Tears
2016,Big Hit Entertainment,BTS,Lost
2016,Big Hit Entertainment,BTS,둘! 셋! (그래도 좋은 날이 더 많기를) (Two! Three! (Hoping for More Good Days))
2016,Big Hit Entertainment,BTS,Spring Day
2016,Big Hit Entertainment,BTS,Not Today
2016,Big Hit Entertainment,BTS,Outro: Wings
2017,Big Hit Entertainment,BTS,Intro: Serendipity
2017,Big Hit Entertainment,BTS,DNA
2017,Big Hit Entertainment,BTS,Best of Me
2017,Big Hit Entertainment,BTS,Dimple
2017,Big Hit Entertainment,BTS,Pied Piper
2017,Big Hit Entertainment,BTS,Skit: Billboard Music Awards Speech
2017,Big Hit Entertainment,BTS,Mic Drop
2017,Big Hit Entertainment,BTS,Go Go
2017,Big Hit Entertainment,BTS,Outro: Her
2018,Big Hit Entertainment,BTS,Intro: Singularity
2018,Big Hit Entertainment,BTS,Fake Love
2018,Big Hit Entertainment,BTS,The Truth Untold (Feat. Steve Aoki)
2018,Big Hit Entertainment,BTS,134340
2018,Big Hit Entertainment,BTS,Paradise
2018,Big Hit Entertainment,BTS,Love Maze
2018,Big Hit Entertainment,BTS,Magic Shop
2018,Big Hit Entertainment,BTS,Airplane Pt. 2
2018,Big Hit Entertainment,BTS,Anpanman
2018,Big Hit Entertainment,BTS,So What
2018,Big Hit Entertainment,BTS,Outro: Tear
2018,Big Hit Entertainment,BTS,Euphoria
2018,Big Hit Entertainment,BTS,Trivia 起: Just Dance
2018,Big Hit Entertainment,BTS,Serendipity (Full Length Edition)
2018,Big Hit Entertainment,BTS,DNA - Pedal 2 LA Mix
2018,Big Hit Entertainment,BTS,Dimple (Pedal 2 LA Mix)
2018,Big Hit Entertainment,BTS,Trivia 承: Love
2018,Big Hit Entertainment,BTS,Trivia 轉: Seesaw
2018,Big Hit Entertainment,BTS,Epiphany
2018,Big Hit Entertainment,BTS,I'm Fine
2018,Big Hit Entertainment,BTS,IDOL
2018,Big Hit Entertainment,BTS,Answer: Love Myself
2019,Big Hit Entertainment,BTS,Intro: Persona
2019,Big Hit Entertainment,BTS,Boy With Luv (Feat. Halsey)
2019,Big Hit Entertainment,BTS,Mikrokosmos
2019,Big Hit Entertainment,BTS,Make It Right
2019,Big Hit Entertainment,BTS,Home
2019,Big Hit Entertainment,BTS,Jamais Vu
2019,Big Hit Entertainment,BTS,Dionysus
2020,Big Hit Entertainment,BTS,Interlude: Shadow
2020,Big Hit Entertainment,BTS,Black Swan
2020,Big Hit Entertainment,BTS,Filter
2020,Big Hit Entertainment,BTS,My Time
2020,Big Hit Entertainment,BTS,Louder than bombs
2020,Big Hit Entertainment,BTS,On
2020,Big Hit Entertainment,BTS,Ugh!
2020,Big Hit Entertainment,BTS,00:00 (Zero O’Clock)
2020,Big Hit Entertainment,BTS,Inner Child
2020,Big Hit Entertainment,BTS,Friends
2020,Big Hit Entertainment,BTS,Moon
2020,Big Hit Entertainment,BTS,Respect
2020,Big Hit Entertainment,BTS,We Are Bulletproof: The Eternal
2020,Big Hit Entertainment,BTS,Outro: Ego
2020,Big Hit Entertainment,BTS,Dynamite
2020,Big Hit Entertainment,BTS,Life Goes On
2020,Big Hit Entertainment,BTS,Fly to My Room
2020,Big Hit Entertainment,BTS,Blue & Grey
2020,Big Hit Entertainment,BTS,Telepathy
2020,Big Hit Entertainment,BTS,Dis-ease
2020,Big Hit Entertainment,BTS,Stay
2020,Big Hit Entertainment,BTS,Butter (Holiday Remix)
2021,Big Hit Entertainment,BTS,Butter
2021,Big Hit Entertainment,BTS,Permission to Dance
2021,Big Hit Entertainment,BTS,My Universe (with Coldplay)
2022,Big Hit Entertainment,BTS,Yet To Come (The Most Beautiful Moment)
2022,Big Hit Entertainment,BTS,Run BTS
2022,Big Hit Entertainment,BTS,For Youth
2023,Big Hit Entertainment,BTS,The Planet
2023,Big Hit Entertainment,BTS,Take Two
2013,Big Hit Entertainment,RM,Perfect Christmas (with Lim Jeong Hee, Joo Hee, Jo Kwon, Jungkook)
2015,Big Hit Entertainment,RM,Voice (목소리)
2015,Big Hit Entertainment,RM,Do You
2015,Big Hit Entertainment,RM,Awakening (각성)
2015,Big Hit Entertainment,RM,Monster
2015,Big Hit Entertainment,RM,Throw Away (버려)
2015,Big Hit Entertainment,RM,Joke (농담)
2015,Big Hit Entertainment,RM,God Rap
2015,Big Hit Entertainment,RM,Rush (feat. Krizz Kaliko)
2015,Big Hit Entertainment,RM,Life
2015,Big Hit Entertainment,RM,Drift (표류)
2015,Big Hit Entertainment,RM,I Believe
2015,Big Hit Entertainment,RM,Fantastic (feat. Mandy Ventrice)
2016,Big Hit Entertainment,RM,I Know (알아요) (with Jungkook)
2017,Big Hit Entertainment,RM,Always
2017,Big Hit Entertainment,RM,Change (with Wale)
2017,Big Hit Entertainment,RM,4 O’Clock (네시) (with V)
2018,Big Hit Entertainment,RM,Ddaeng (땡) (with Suga, J-Hope)
2018,Big Hit Entertainment,RM,Tokyo
2018,Big Hit Entertainment,RM,Seoul (Prod. HONNE)
2018,Big Hit Entertainment,RM,Moonchild
2018,Big Hit Entertainment,RM,Badbye (with eAeon)
2018,Big Hit Entertainment,RM,Uhgood
2018,Big Hit Entertainment,RM,Everythingoes (with NELL)
2018,Big Hit Entertainment,RM,Forever Rain
2019,Big Hit Entertainment,RM,Seoul Town Road (Old Town Road Remix) (with Lil Nas X)
2020,Big Hit Entertainment,RM,Winter Flower (with Younha)
2021,Big Hit Entertainment,RM,Don't (with eAeon)
2022,Big Hit Entertainment,RM,Sexy Nukim (with Balming Tiger)
2022,Big Hit Entertainment,RM,Yun (with Erykah Badu)
2022,Big Hit Entertainment,RM,Still Life (with Anderson .Paak)
2022,Big Hit Entertainment,RM,All Day (with Tablo)
2022,Big Hit Entertainment,RM,건망증 (with 김사월)
2022,Big Hit Entertainment,RM,Closer (with Paul Blanco, Mahalia)
2022,Big Hit Entertainment,RM,Change pt.2
2022,Big Hit Entertainment,RM,Lonely
2022,Big Hit Entertainment,RM,Hectic (wirh Colde)
2022,Big Hit Entertainment,RM,들꽃놀이 (with 조유진)
2022,Big Hit Entertainment,RM,No.2 (with 박지윤)
2023,Big Hit Entertainment,RM,Smoke Sprite (with So-yoon)
2023,Big Hit Entertainment,RM,Don't Ever Say Love Me (다시는 사랑한다 말하지 마) (with Colde)
2016,Big Hit Entertainment,Jin,Awake
2018,Big Hit Entertainment,Jin,Epiphany
2019,Big Hit Entertainment,Jin,이 밤 (Tonight)
2020,Big Hit Entertainment,Jin,Abyss
2021,Big Hit Entertainment,Jin,슈퍼 참치 (Super Tuna)
2022,Big Hit Entertainment,Jin,The Astronaut
2016,Big Hit Entertainment,Suga,Agust D
2016,Big Hit Entertainment,Suga,Give It To Me
2016,Big Hit Entertainment,Suga,724148
2016,Big Hit Entertainment,Suga,140503 새벽에 (140503 at Dawn)
2016,Big Hit Entertainment,Suga,The Last
2016,Big Hit Entertainment,Suga,Tony Montana (feat. Yankie)
2016,Big Hit Entertainment,Suga,Interlude: Dream, Reality
2016,Big Hit Entertainment,Suga,So Far Away (feat. Suran)
2020,Big Hit Entertainment,Suga,D-2
2020,Big Hit Entertainment,Suga,대취타 (Daechwita)
2020,Big Hit Entertainment,Suga,What Do You Think?
2020,Big Hit Entertainment,Suga,Strange (feat. RM)
2020,Big Hit Entertainment,Suga,28 (feat. NiiHWA)
2020,Big Hit Entertainment,Suga,Burn It (feat. MAX)
2020,Big Hit Entertainment,Suga,People
2020,Big Hit Entertainment,Suga,Honsool
2020,Big Hit Entertainment,Suga,Interlude: Set Me Free
2020,Big Hit Entertainment,Suga,Dear My Friend (feat. Kim Jong Wan of NELL)
2018,Big Hit Entertainment,J-Hope,Hope World
2018,Big Hit Entertainment,J-Hope,P.O.P (Piece of Peace) pt.1
2018,Big Hit Entertainment,J-Hope,Daydream
2018,Big Hit Entertainment,J-Hope,Base Line
2018,Big Hit Entertainment,J-Hope,Hangsang (feat. Supreme Boi)
2018,Big Hit Entertainment,J-Hope,Airplane
2018,Big Hit Entertainment,J-Hope,Blue Side (Outro)
2022,Big Hit Entertainment,J-Hope,More
2022,Big Hit Entertainment,J-Hope,Arson
2022,Big Hit Entertainment,J-Hope,= (Equal Sign)
2022,Big Hit Entertainment,J-Hope,Music Box : Reflection
2022,Big Hit Entertainment,J-Hope,What if...
2022,Big Hit Entertainment,J-Hope,Safety Zone
2022,Big Hit Entertainment,J-Hope,Future
2022,Big Hit Entertainment,J-Hope,BTS Cypher 4
2022,Big Hit Entertainment,J-Hope,1 Verse
2016,Big Hit Entertainment,Jimin,Lie
2017,Big Hit Entertainment,Jimin,Serendipity
2018,Big Hit Entertainment,Jimin,Serendipity (Full Length Edition)
2020,Big Hit Entertainment,Jimin,Filter
2020,Big Hit Entertainment,Jimin,친구 (Friends) (with V)
2022,Big Hit Entertainment,Jimin,With You (with Ha Sung-woon)
2023,Big Hit Entertainment,Jimin,Promise
2016,Big Hit Entertainment,V,Stigma
2018,Big Hit Entertainment,V,Singularity
2019,Big Hit Entertainment,V,Scenery
2019,Big Hit Entertainment,V,Winter Bear
2020,Big Hit Entertainment,V,Sweet Night
2021,Big Hit Entertainment,V,Christmas Tree
2022,Big Hit Entertainment,V,Inner Child
2023,Big Hit Entertainment,V,Blue & Grey (with Suga)
2023,Big Hit Entertainment,V,Rainy Days
2023,Big Hit Entertainment,V,Blue
2023,Big Hit Entertainment,V,Love Me Again
2023,Big Hit Entertainment,V,Slow Dancing
2023,Big Hit Entertainment,V,For Us
2016,Big Hit Entertainment,Jungkook,Begin
2018,Big Hit Entertainment,Jungkook,Euphoria
2020,Big Hit Entertainment,Jungkook,My Time
2022,Big Hit Entertainment,Jungkook,Still With You
2022,Big Hit Entertainment,Jungkook,Dreamers
2023,Big Hit Entertainment,Jungkook,Stay Alive
2023,Big Hit Entertainment,Jungkook,Seven (feat. Latto)
2023,Big Hit Entertainment,Jungkook,3D (feat. Jack Harlow)

