1996,SM Entertainment,H.O.T.,Candy
1996,SM Entertainment,H.O.T.,널 사랑한 만큼 (As Much As I Loved You)
1996,SM Entertainment,H.O.T.,전사의 후예 (Warrior’s Descendant)
1996,SM Entertainment,H.O.T.,노을 속에 비친 그대 모습 (You Belong to Me)
1996,SM Entertainment,H.O.T.,내가 필요할 때 (By Your Side)
1996,SM Entertainment,H.O.T.,오늘도 짜증나는 날이네 (The Cranky Day)
1996,SM Entertainment,H.O.T.,너는 Fast 나는 Slow (Fast Love)
1996,SM Entertainment,H.O.T.,개성시대 (X Generation)
1996,SM Entertainment,H.O.T.,About 여자 (About Women)
1997,SM Entertainment,H.O.T.,We Are The Future
1997,SM Entertainment,H.O.T.,늑대와 양 (Wolf and Sheep)
1997,SM Entertainment,H.O.T.,행복 (Full of Happiness)
1997,SM Entertainment,H.O.T.,자유롭게 날 수 있도록 (Free to Fly)
1997,SM Entertainment,H.O.T.,열등감 (The End of My Inferiority Complex)
1997,SM Entertainment,H.O.T.,12번째 생일 (Lost 12th Birthday)
1997,SM Entertainment,H.O.T.,Tragedy
1997,SM Entertainment,H.O.T.,너와 나 (You & I)
1998,SM Entertainment,H.O.T.,빛 (Hope)
1998,SM Entertainment,H.O.T.,열맞춰 (Line Up!)
1998,SM Entertainment,H.O.T.,투혼 (The Spirit of Fighter)
1998,SM Entertainment,H.O.T.,우리들의 맹세 (The Promise of H.O.T.)
1998,SM Entertainment,H.O.T.,아빠! 사랑해요 (H.O.T. (House Of Trust))
1998,SM Entertainment,H.O.T.,이 세상에 버려진 모든 아이들을 위하여 (In I)
1998,SM Entertainment,H.O.T.,Monade
1998,SM Entertainment,H.O.T.,Techno Love
1998,SM Entertainment,H.O.T.,You Got Gun?
1998,SM Entertainment,H.O.T.,소년이여! 신화가 되어라 (Boys, Be A Legend!)
1998,SM Entertainment,H.O.T.,홀로서기 (All Alone)
1998,SM Entertainment,H.O.T.,후에 (Since, You’ve Gone)
1998,SM Entertainment,H.O.T.,하나라는 아름다운 느낌 (Unity Is as Beautiful as One)
1999,SM Entertainment,H.O.T.,아이야! (I Yah!)
1999,SM Entertainment,H.O.T.,마지막 승부 (The Last Match)
1999,SM Entertainment,H.O.T.,포트리스 (Fortress)
1999,SM Entertainment,H.O.T.,열등감 II (The End of My Inferiority Complex II)
1999,SM Entertainment,H.O.T.,축복 (Blessing)
1999,SM Entertainment,H.O.T.,후에... II (Since You’ve Gone II)
1999,SM Entertainment,H.O.T.,타이타닉 (Titanic)
1999,SM Entertainment,H.O.T.,정글의 법칙 (Law of the Jungle)
1999,SM Entertainment,H.O.T.,문 (Wolf)
1999,SM Entertainment,H.O.T.,원 (Won)
2000,SM Entertainment,H.O.T.,Outside Castle
2000,SM Entertainment,H.O.T.,전사의 후예 (Warrior’s Descendant) II
2000,SM Entertainment,H.O.T.,아이야! (I Yah!) II
2000,SM Entertainment,H.O.T.,신비 (Mystery)
2000,SM Entertainment,H.O.T.,아이 (Kids)
2000,SM Entertainment,H.O.T.,비밀 (Secret)
2000,SM Entertainment,H.O.T.,무한 (Infinity)
2000,SM Entertainment,H.O.T.,A Song for Lady
2000,SM Entertainment,H.O.T.,H.O.T. (Highfive of Teenagers)
2000,SM Entertainment,H.O.T.,Take Control
2000,SM Entertainment,H.O.T.,Song of Hope
1997,SM Entertainment,S.E.S.,I'm Your Girl
1997,SM Entertainment,S.E.S.,Oh, My Love
1997,SM Entertainment,S.E.S.,완전한 사랑 (Complete Love)
1997,SM Entertainment,S.E.S.,Oh, My Darling
1997,SM Entertainment,S.E.S.,너를 사랑해 (I Love You)
1997,SM Entertainment,S.E.S.,편지 (Letter)
1997,SM Entertainment,S.E.S.,궁금해 (Curious)
1997,SM Entertainment,S.E.S.,좋았어 (Good)
1997,SM Entertainment,S.E.S.,달리기 (Running)
1998,SM Entertainment,S.E.S.,Dreams Come True
1998,SM Entertainment,S.E.S.,Shy Boy
1998,SM Entertainment,S.E.S.,우정 (Friendship)
1998,SM Entertainment,S.E.S.,떠날꺼야 (I'm Leaving)
1998,SM Entertainment,S.E.S.,마음으로부터 (From The Heart)
1998,SM Entertainment,S.E.S.,슬픈 손길 (Sad Touch)
1998,SM Entertainment,S.E.S.,기적 (Miracle)
1998,SM Entertainment,S.E.S.,기억해 (Remember)
1998,SM Entertainment,S.E.S.,친구 (Friend)
1998,SM Entertainment,S.E.S.,끝없는 이야기 (Endless Story)
1998,SM Entertainment,S.E.S.,아름다운 아픔 (Beautiful Pain)
1999,SM Entertainment,S.E.S.,Love
1999,SM Entertainment,S.E.S.,Twilight Zone
1999,SM Entertainment,S.E.S.,첫 느낌 (First Impression)
1999,SM Entertainment,S.E.S.,Waiting for You
1999,SM Entertainment,S.E.S.,Snow, X-Mas
1999,SM Entertainment,S.E.S.,Rain
1999,SM Entertainment,S.E.S.,세상의 중심에서 (Center of the World)
1999,SM Entertainment,S.E.S.,오직 너뿐인 나 (Only You)
1999,SM Entertainment,S.E.S.,한 폭의 그림 (A Piece of Picture)
1999,SM Entertainment,S.E.S.,꿈을 모아서 (Just in Love)
2000,SM Entertainment,S.E.S.,Be Natural
2000,SM Entertainment,S.E.S.,감싸 안으며 (Show Me Your Love)
2000,SM Entertainment,S.E.S.,Long Long Time
2000,SM Entertainment,S.E.S.,Beautiful Life
2000,SM Entertainment,S.E.S.,Good-Bye To My Love
2000,SM Entertainment,S.E.S.,I Will...
2002,SM Entertainment,S.E.S.,Choose My Life-U
2002,SM Entertainment,S.E.S.,Just A Feeling
2002,SM Entertainment,S.E.S.,U
2002,SM Entertainment,S.E.S.,Rock'n'Roll
2002,SM Entertainment,S.E.S.,Snow Baby
2002,SM Entertainment,S.E.S.,In Love
2002,SM Entertainment,S.E.S.,Dreams Come True (Japanese Version)
2002,SM Entertainment,S.E.S.,To Be Continued...
2002,SM Entertainment,S.E.S.,Love Game
2002,SM Entertainment,S.E.S.,Oh, My Love (Japanese Version)
2002,SM Entertainment,S.E.S.,Just In Love
2002,SM Entertainment,S.E.S.,Love (Japanese Version)
2002,SM Entertainment,S.E.S.,Little Bird
2002,SM Entertainment,S.E.S.,This Is Love
2002,SM Entertainment,S.E.S.,Goodbye
1998,SM Entertainment,Shinhwa,해결사 (The Solver)
1998,SM Entertainment,Shinhwa,으쌰! 으쌰! (Eusha! Eusha!)
1998,SM Entertainment,Shinhwa,천일의 약속 (A Thousand Days Promise)
1998,SM Entertainment,Shinhwa,Shinhwa Knight
1998,SM Entertainment,Shinhwa,약속해줘 (Just Let It Go)
1998,SM Entertainment,Shinhwa,천사들의 늪 (Trapped)
1999,SM Entertainment,Shinhwa,T.O.P (Twinkling Of Paradise)
1999,SM Entertainment,Shinhwa,Yo!
1999,SM Entertainment,Shinhwa,정 (Love)
1999,SM Entertainment,Shinhwa,빗속의 여인 (Woman In The Rain)
1999,SM Entertainment,Shinhwa,악동보고서 (The Bad Boys Diary)
2000,SM Entertainment,Shinhwa,Only One
2000,SM Entertainment,Shinhwa,All Your Dreams
2000,SM Entertainment,Shinhwa,First Love
2000,SM Entertainment,Shinhwa,I Wanna Be Your Everything
2000,SM Entertainment,Shinhwa,천일유혼 (I Swear)
2000,SM Entertainment,Shinhwa,Remember
2000,SM Entertainment,Shinhwa,My Life Style
2000,SM Entertainment,Shinhwa,너의 곁에서 Ⅱ (In Your Eyes II)
2000,SM Entertainment,Shinhwa,삼색화 (Three Colors)
2001,SM Entertainment,Shinhwa,Hey, Come On!
2001,SM Entertainment,Shinhwa,Wild Eyes
2001,SM Entertainment,Shinhwa,영원히 너와 함께 (Forever With You)
2001,SM Entertainment,Shinhwa,Endless Love
2001,SM Entertainment,Shinhwa,Reminiscence
2002,SM Entertainment,Shinhwa,Perfect Man
2002,SM Entertainment,Shinhwa,I Pray 4 U
2002,SM Entertainment,Shinhwa,너의 곁에서 (With You)
2002,SM Entertainment,Shinhwa,Free
2002,SM Entertainment,Shinhwa,Red Angel
2002,SM Entertainment,Shinhwa,In The Still Of The Night
2002,SM Entertainment,Shinhwa,Wedding
2004,Good Entertainment,Shinhwa,Brand New
2004,Good Entertainment,Shinhwa,Angel
2004,Good Entertainment,Shinhwa,Oh!
2004,Good Entertainment,Shinhwa,Crazy
2006,Good Entertainment,Shinhwa,Throw My Fist
2006,Good Entertainment,Shinhwa,Midnight Girl
2006,Good Entertainment,Shinhwa,Once In A Lifetime
2008,Shinhwa Company,Shinhwa,Run
2008,Shinhwa Company,Shinhwa,Last Train Home
2008,Shinhwa Company,Shinhwa,Memories
2008,Shinhwa Company,Shinhwa,We Can Get It On
2012,Shinhwa Company,Shinhwa,Venus
2012,Shinhwa Company,Shinhwa,Hurt
2012,Shinhwa Company,Shinhwa,Red Carpet
2012,Shinhwa Company,Shinhwa,Move With Me
2013,Shinhwa Company,Shinhwa,This Love
2013,Shinhwa Company,Shinhwa,Mannequin
2013,Shinhwa Company,Shinhwa,Hurricane
2013,Shinhwa Company,Shinhwa,New Me
2015,Shinhwa Company,Shinhwa,Sniper
2015,Shinhwa Company,Shinhwa,Alright
2015,Shinhwa Company,Shinhwa,Give It 2 Me
2015,Shinhwa Company,Shinhwa,I’m In Love
2016,Shinhwa Company,Shinhwa,T.O.P. (Twinkling Of Paradise) (Acoustic Version)
2016,Shinhwa Company,Shinhwa,Orange
2016,Shinhwa Company,Shinhwa,In The Air
2016,Shinhwa Company,Shinhwa,Tonight
2018,Shinhwa Company,Shinhwa,Kiss Me Like That
2018,Shinhwa Company,Shinhwa,Level
2018,Shinhwa Company,Shinhwa,Here I Come
연도,회사이름,아티스트명,곡제목
2004,SM Entertainment,TVXQ,Hug
2004,SM Entertainment,TVXQ,My Little Princess (있잖아요...)
2004,SM Entertainment,TVXQ,Oh Holy Night
2004,SM Entertainment,TVXQ,The Way U Are
2004,SM Entertainment,TVXQ,Tri-Angle
2004,SM Entertainment,TVXQ,I Believe (믿어요)
2004,SM Entertainment,TVXQ,Thanks To
2004,SM Entertainment,TVXQ,Will You Be My Girlfriend? (내 여자친구가 되어줄래?)
2004,SM Entertainment,TVXQ,Million Men
2004,SM Entertainment,TVXQ,Like Now (지금처럼)
2004,SM Entertainment,TVXQ,I Never Let Go
2004,SM Entertainment,TVXQ,Hey, Kid (꼬마야)
2004,SM Entertainment,TVXQ,You Always (넌 언제나)
2004,SM Entertainment,TVXQ,Magic Castle (마법의 성)
2005,SM Entertainment,TVXQ,Rising Sun (순수)
2005,SM Entertainment,TVXQ,Tonight
2005,SM Entertainment,TVXQ,Beautiful Life
2005,SM Entertainment,TVXQ,Unforgettable
2005,SM Entertainment,TVXQ,Love After Love
2005,SM Entertainment,TVXQ,Free Your Mind
2005,SM Entertainment,TVXQ,Love Is Never Gone
2005,SM Entertainment,TVXQ,One
2005,SM Entertainment,TVXQ,Love Bye Love
2005,SM Entertainment,TVXQ,Always There
2005,SM Entertainment,TVXQ,약속했던 그때에 (Always There...)
2006,SM Entertainment,TVXQ,The Way U Are (Japanese Ver.)
2006,SM Entertainment,TVXQ,My Destiny
2006,SM Entertainment,TVXQ,Asu wa Kuru Kara
2006,SM Entertainment,TVXQ,Rising Sun (Japanese Ver.)
2006,SM Entertainment,TVXQ,Heart, Mind and Soul
2006,SM Entertainment,TVXQ,Begin
2006,SM Entertainment,TVXQ,Sky
2006,SM Entertainment,TVXQ,Miss You
2007,SM Entertainment,TVXQ,Step by Step
2007,SM Entertainment,TVXQ,Choosey Lover
2007,SM Entertainment,TVXQ,Lovin' You
2007,SM Entertainment,TVXQ,Summer Dream
2007,SM Entertainment,TVXQ,Shine
2007,SM Entertainment,TVXQ,Forever Love
2007,SM Entertainment,TVXQ,T.O.P (Twinkling Of Paradise)
2008,SM Entertainment,TVXQ,Purple Line
2008,SM Entertainment,TVXQ,Two Hearts
2008,SM Entertainment,TVXQ,Runaway
2008,SM Entertainment,TVXQ,Close to You
2008,SM Entertainment,TVXQ,Dōshite Kimi o Suki ni Natte Shimattandarō?
2008,SM Entertainment,TVXQ,Mirotic
2009,SM Entertainment,TVXQ,Bolero
2009,SM Entertainment,TVXQ,Kiss the Baby Sky
2009,SM Entertainment,TVXQ,Survivor
2009,SM Entertainment,TVXQ,Share The World
2009,SM Entertainment,TVXQ,Stand By U
2009,SM Entertainment,TVXQ,Break Out!
2010,SM Entertainment,TVXQ,With All My Heart
2011,SM Entertainment,TVXQ,Keep Your Head Down
2011,SM Entertainment,TVXQ,Before U Go
2011,SM Entertainment,TVXQ,I Don't Know
2011,SM Entertainment,TVXQ,Superstar
2011,SM Entertainment,TVXQ,Winter Rose
2012,SM Entertainment,TVXQ,STILL
2012,SM Entertainment,TVXQ,Android
2012,SM Entertainment,TVXQ,Catch Me
2013,SM Entertainment,TVXQ,Humanoids
2013,SM Entertainment,TVXQ,In Our Time
2013,SM Entertainment,TVXQ,SCREAM
2013,SM Entertainment,TVXQ,Something
2013,SM Entertainment,TVXQ,Ocean
2014,SM Entertainment,TVXQ,Spellbound
2014,SM Entertainment,TVXQ,Sweat
2014,SM Entertainment,TVXQ,Time Works Wonders
2015,SM Entertainment,TVXQ,RISE AS GOD
2015,SM Entertainment,TVXQ,Champagne
2015,SM Entertainment,TVXQ,Rise as One
2018,SM Entertainment,TVXQ,The Chance of Love
2018,SM Entertainment,TVXQ,Truth
2018,SM Entertainment,TVXQ,Jealous
2018,SM Entertainment,TVXQ,Road
2018,SM Entertainment,TVXQ,Hot Hot Hot
2023,SM Entertainment,TVXQ,Parallel Parallel
2023,SM Entertainment,TVXQ,Reboot
2023,SM Entertainment,TVXQ,Phantom
연도,회사이름,아티스트명,곡제목
2004,SM Entertainment,TraxX,Paradox
2004,SM Entertainment,TraxX,Scorpio
2004,SM Entertainment,TraxX,Over the Rainbow
2006,SM Entertainment,TraxX,초우 (First Rain)
2006,SM Entertainment,TraxX,잡아줘 (Let You Go)
2006,SM Entertainment,TraxX,혼 (Heaven)
2007,SM Entertainment,TraxX,Cold Rain
2008,SM Entertainment,TraxX,Blaze Away
2008,SM Entertainment,TraxX,End of the World
2010,SM Entertainment,TraxX,가슴이 차가운 남자 (Let You Go)
2010,SM Entertainment,TraxX,Oh! My Goddess
2011,SM Entertainment,TraxX,Blind
2011,SM Entertainment,TraxX,창문 (Window)
2011,SM Entertainment,TraxX,햇살 (Goodbye Lover)
2011,SM Entertainment,TraxX,Like A Dream
2011,SM Entertainment,TraxX,이별여행 (Goodbye Dream)
2011,SM Entertainment,TraxX,Step by Step
2016,SM Entertainment,TraxX,Rock Star
2017,SM Entertainment,TraxX,Road
2018,SM Entertainment,TraxX,Notorious
2018,SM Entertainment,TraxX,Escape
2018,SM Entertainment,TraxX,Free Tempo
2005,SM Entertainment,천상지희 더 그레이스,Too Good
2005,SM Entertainment,천상지희 더 그레이스,Boomerang
2005,SM Entertainment,천상지희 더 그레이스,한번 더, OK? (One More Time, OK?)
2005,SM Entertainment,천상지희 더 그레이스,The Club
2005,SM Entertainment,천상지희 더 그레이스,What U Want
2005,SM Entertainment,천상지희 더 그레이스,바람 부는 날 (April Fools' Day)
2005,SM Entertainment,천상지희 더 그레이스,Dancer in the Rain
2006,SM Entertainment,천상지희 더 그레이스,My Everything
2006,SM Entertainment,천상지희 더 그레이스,Faith
2006,SM Entertainment,천상지희 더 그레이스,Get on the Floor
2006,SM Entertainment,천상지희 더 그레이스,I'll Kiss You
2007,SM Entertainment,천상지희 더 그레이스,Just for One Day (feat. Jaejoong of TVXQ)
2007,SM Entertainment,천상지희 더 그레이스,Piranha
2007,SM Entertainment,천상지희 더 그레이스,열정 (Passion)
2007,SM Entertainment,천상지희 더 그레이스,花都開好了 (The Flowers Will Bloom)
2008,SM Entertainment,천상지희 더 그레이스,Stand Up People
2008,SM Entertainment,천상지희 더 그레이스,Near
2008,SM Entertainment,천상지희 더 그레이스,Here
2009,SM Entertainment,천상지희 더 그레이스,Sukoshi de Ii Kara (少しでいいから)
2009,SM Entertainment,천상지희 더 그레이스,Coming to You
2011,SM Entertainment,천상지희 더 그레이스-Dana & Sunday,나 좀 봐줘 (One More Chance)
2011,SM Entertainment,천상지희 더 그레이스-Dana & Sunday,고백 (Goodbye)
2011,SM Entertainment,천상지희 더 그레이스-Dana & Sunday,나 좀 봐줘 (With Coffee Project Part. 1)
2011,SM Entertainment,천상지희 더 그레이스-Dana & Sunday,나 좀 봐줘 (With Coffee Project Part. 2)
2011,SM Entertainment,천상지희 더 그레이스-Dana & Sunday,Bravo, My Love!
2005,SM Entertainment,Super Junior,Miracle
2005,SM Entertainment,Super Junior,Twins (Knock Out)
2005,SM Entertainment,Super Junior,You Are The One
2005,SM Entertainment,Super Junior,Rock This House
2005,SM Entertainment,Super Junior,Way For Love (차근차근)
2005,SM Entertainment,Super Junior,So I
2005,SM Entertainment,Super Junior,Over
2005,SM Entertainment,Super Junior,Keep In Touch
2005,SM Entertainment,Super Junior,L.O.V.E.
2005,SM Entertainment,Super Junior,Believe
2006,SM Entertainment,Super Junior,U
2006,SM Entertainment,Super Junior,Endless Moment
2006,SM Entertainment,Super Junior,Lovely Day
2007,SM Entertainment,Super Junior,Don’t Don (돈 돈!)
2007,SM Entertainment,Super Junior,Sapphire Blue (소원이 있나요)
2007,SM Entertainment,Super Junior,You’re My Endless Love (말하자면)
2007,SM Entertainment,Super Junior,Hate U, Love U (미워)
2007,SM Entertainment,Super Junior,Disco Drive
2007,SM Entertainment,Super Junior,Marry U
2007,SM Entertainment,Super Junior,I Am
2007,SM Entertainment,Super Junior,She’s Gone (사랑이 떠나다)
2007,SM Entertainment,Super Junior,Missin’ U
2007,SM Entertainment,Super Junior,Mirror (거울)
2007,SM Entertainment,Super Junior,Our Love (우리들의 사랑)
2007,SM Entertainment,Super Junior,Midnight Fantasy
2007,SM Entertainment,Super Junior,Thank You
2007,SM Entertainment,Super Junior,Song For You (아주 먼 옛날)
2008,SM Entertainment,Super Junior,Welcome To SJ.World
2008,SM Entertainment,Super Junior,Asian Freak Show
2008,SM Entertainment,Super Junior,A Man in Love (갈증)
2008,SM Entertainment,Super Junior,Dancing Out
2009,SM Entertainment,Super Junior,SORRY, SORRY
2009,SM Entertainment,Super Junior,Why I like you
2009,SM Entertainment,Super Junior,Let’s not…
2009,SM Entertainment,Super Junior,Angela
2009,SM Entertainment,Super Junior,Reset
2009,SM Entertainment,Super Junior,Monster
2009,SM Entertainment,Super Junior,What if
2009,SM Entertainment,Super Junior,Heartquake
2009,SM Entertainment,Super Junior,Club No.1
2009,SM Entertainment,Super Junior,Happy Together
2009,SM Entertainment,Super Junior,Dead at heart
2009,SM Entertainment,Super Junior,Shining Star
2010,SM Entertainment,Super Junior,Bonamana (미인아)
2010,SM Entertainment,Super Junior,Boom Boom
2010,SM Entertainment,Super Junior,Coagulation
2010,SM Entertainment,Super Junior,Your Eyes
2010,SM Entertainment,Super Junior,My Only Girl
2010,SM Entertainment,Super Junior,My All Is In You
2010,SM Entertainment,Super Junior,Shake It Up!
2010,SM Entertainment,Super Junior,In My Dream
2010,SM Entertainment,Super Junior,One Fine Spring Day
2010,SM Entertainment,Super Junior,Good Person
2010,SM Entertainment,Super Junior,Here We Go
2011,SM Entertainment,Super Junior,Mr. Simple
2011,SM Entertainment,Super Junior,Opera
2011,SM Entertainment,Super Junior,Be My Girl
2011,SM Entertainment,Super Junior,Walkin’
2011,SM Entertainment,Super Junior,Storm
2011,SM Entertainment,Super Junior,My Love, My Kiss, My Heart
2011,SM Entertainment,Super Junior,Perfection
2012,SM Entertainment,Super Junior,Sexy, Free & Single
2012,SM Entertainment,Super Junior,From U
2012,SM Entertainment,Super Junior,Gulliver
2012,SM Entertainment,Super Junior,Someday
2012,SM Entertainment,Super Junior,Now
2012,SM Entertainment,Super Junior,Rockstar
2012,SM Entertainment,Super Junior,All My Heart
2012,SM Entertainment,Super Junior,A Good Bye
2014,SM Entertainment,Super Junior,MAMACITA (아야야)
2014,SM Entertainment,Super Junior,Shirt
2014,SM Entertainment,Super Junior,This Is Love
2014,SM Entertainment,Super Junior,Midnight Blues
2014,SM Entertainment,Super Junior,Evanesce
2014,SM Entertainment,Super Junior,Raining Spell for Love
2014,SM Entertainment,Super Junior,Forever With You
2014,SM Entertainment,Super Junior,Islands
2015,SM Entertainment,Super Junior,Devil
2015,SM Entertainment,Super Junior,Simply Beautiful
2015,SM Entertainment,Super Junior,Stars Appear…
2015,SM Entertainment,Super Junior,Good Love
2015,SM Entertainment,Super Junior,Don’t Wake Me Up
2015,SM Entertainment,Super Junior,Love at First Sight
2017,SM Entertainment,Super Junior,Black Suit
2017,SM Entertainment,Super Junior,Scene Stealer
2017,SM Entertainment,Super Junior,One More Chance
2017,SM Entertainment,Super Junior,Good Day for a Good Day
2017,SM Entertainment,Super Junior,Runaway
2017,SM Entertainment,Super Junior,The Lucky Ones
2017,SM Entertainment,Super Junior,Spin Up!
2018,SM Entertainment,Super Junior,Lo Siento
2018,SM Entertainment,Super Junior,Me & U
2018,SM Entertainment,Super Junior,Super Duper
2018,SM Entertainment,Super Junior,Hug
2018,SM Entertainment,Super Junior,Animals
2019,SM Entertainment,Super Junior,Show
2019,SM Entertainment,Super Junior,Somebody New
2019,SM Entertainment,Super Junior,Skydive
2019,SM Entertainment,Super Junior,Heads Up
2019,SM Entertainment,Super Junior,I Think I
2019,SM Entertainment,Super Junior,The Crown
2019,SM Entertainment,Super Junior,Coming Home
2021,SM Entertainment,Super Junior,House Party
2021,SM Entertainment,Super Junior,Burn the Floor
2021,SM Entertainment,Super Junior,Paradox
2021,SM Entertainment,Super Junior,Closer
2021,SM Entertainment,Super Junior,Coincidence
2021,SM Entertainment,Super Junior,Shadow
2021,SM Entertainment,Super Junior,Mystery
2022,SM Entertainment,Super Junior,Callin’
2022,SM Entertainment,Super Junior,Analogue Radio
2022,SM Entertainment,Super Junior,Nobleman
2022,SM Entertainment,Super Junior,Joah
2022,SM Entertainment,Super Junior,My Wish
2023,SM Entertainment,Super Junior,The Road: Winter for Spring
2023,SM Entertainment,Super Junior,Callin’
2023,SM Entertainment,Super Junior,Analogue Radio
2007,SM Entertainment,소녀시대,다시 만난 세계 (Into the New World)
2007,SM Entertainment,소녀시대,소녀시대 (Girls' Generation)
2007,SM Entertainment,소녀시대,Ooh La-La!
2007,SM Entertainment,소녀시대,Baby Baby
2007,SM Entertainment,소녀시대,Complete
2007,SM Entertainment,소녀시대,Kissing You
2007,SM Entertainment,소녀시대,Merry-Go-Round
2007,SM Entertainment,소녀시대,Tears
2007,SM Entertainment,소녀시대,Tinkerbell
2007,SM Entertainment,소녀시대,7989 (feat. Kangta)
2007,SM Entertainment,소녀시대,Honey
2008,SM Entertainment,소녀시대,Kissing You
2008,SM Entertainment,소녀시대,Baby Baby
2009,SM Entertainment,소녀시대,Gee
2009,SM Entertainment,소녀시대,Way To Go
2009,SM Entertainment,소녀시대,Dear. Mom
2009,SM Entertainment,소녀시대,Destiny
2009,SM Entertainment,소녀시대,Let's Talk About Love
2009,SM Entertainment,소녀시대,Genie
2009,SM Entertainment,소녀시대,Etude
2009,SM Entertainment,소녀시대,Girlfriend
2009,SM Entertainment,소녀시대,Boyfriend
2009,SM Entertainment,소녀시대,My Child
2009,SM Entertainment,소녀시대,One Year Later
2010,SM Entertainment,소녀시대,Oh!
2010,SM Entertainment,소녀시대,Show! Show! Show!
2010,SM Entertainment,소녀시대,Sweet Talking Baby
2010,SM Entertainment,소녀시대,Forever
2010,SM Entertainment,소녀시대,Be Happy
2010,SM Entertainment,소녀시대,Hoot
2010,SM Entertainment,소녀시대,Mistake
2010,SM Entertainment,소녀시대,My Best Friend
2010,SM Entertainment,소녀시대,Wake Up
2010,SM Entertainment,소녀시대,Snowy Wish
2011,SM Entertainment,소녀시대,Mr. Taxi
2011,SM Entertainment,소녀시대,Let It Rain
2011,SM Entertainment,소녀시대,The Boys
2011,SM Entertainment,소녀시대,Telepathy
2011,SM Entertainment,소녀시대,Say Yes
2011,SM Entertainment,소녀시대,Trick
2011,SM Entertainment,소녀시대,How Great Is Your Love
2011,SM Entertainment,소녀시대,My J
2011,SM Entertainment,소녀시대,Oscar
2011,SM Entertainment,소녀시대,Top Secret
2011,SM Entertainment,소녀시대,Lazy Girl
2011,SM Entertainment,소녀시대,Sunflower
2011,SM Entertainment,소녀시대,Vitamin
2012,SM Entertainment,소녀시대,Flower Power
2012,SM Entertainment,소녀시대,Animal
2012,SM Entertainment,소녀시대,I'm a Diamond
2012,SM Entertainment,소녀시대,Reflection
2012,SM Entertainment,소녀시대,Stay Girls
2012,SM Entertainment,소녀시대,Top
2012,SM Entertainment,소녀시대,Boomerang
2012,SM Entertainment,소녀시대,Oh! (Japanese Ver.)
2012,SM Entertainment,소녀시대,T.O.P
2012,SM Entertainment,소녀시대,Let It Rain
2012,SM Entertainment,소녀시대,The Great Escape
2012,SM Entertainment,소녀시대,Hoot (Japanese Ver.)
2012,SM Entertainment,소녀시대,Born to Be a Lady
2013,SM Entertainment,소녀시대,I Got a Boy
2013,SM Entertainment,소녀시대,Dancing Queen
2013,SM Entertainment,소녀시대,Baby Maybe
2013,SM Entertainment,소녀시대,Tell Me (말해줘)
2013,SM Entertainment,소녀시대,Promise
2013,SM Entertainment,소녀시대,Express 999
2013,SM Entertainment,소녀시대,Lost in Love
2013,SM Entertainment,소녀시대,Look at Me
2013,SM Entertainment,소녀시대,XYZ
2013,SM Entertainment,소녀시대,Romantic St.
2014,SM Entertainment,소녀시대,Mr.Mr.
2014,SM Entertainment,소녀시대,Goodbye
2014,SM Entertainment,소녀시대,Europa
2014,SM Entertainment,소녀시대,Wait a Minute
2014,SM Entertainment,소녀시대,Back Hug
2014,SM Entertainment,소녀시대,Soul
2015,SM Entertainment,소녀시대,Lion Heart
2015,SM Entertainment,소녀시대,You Think
2015,SM Entertainment,소녀시대,Party
2015,SM Entertainment,소녀시대,One Afternoon
2015,SM Entertainment,소녀시대,Show Girls
2015,SM Entertainment,소녀시대,Talk Talk
2015,SM Entertainment,소녀시대,Check
2015,SM Entertainment,소녀시대,Sign
2017,SM Entertainment,소녀시대,Holiday
2017,SM Entertainment,소녀시대,All Night
2017,SM Entertainment,소녀시대,Fan
2017,SM Entertainment,소녀시대,Only One
2017,SM Entertainment,소녀시대,One Last Time
2017,SM Entertainment,소녀시대,Sweet Talk
2017,SM Entertainment,소녀시대,Love Is Bitter
2017,SM Entertainment,소녀시대,It's You
2022,SM Entertainment,소녀시대,Forever 1
2022,SM Entertainment,소녀시대,Seventeen
2022,SM Entertainment,소녀시대,Villain
2022,SM Entertainment,소녀시대,You Better Run
2022,SM Entertainment,소녀시대,Closer
2012,SM Entertainment,태티서,Twinkle
2012,SM Entertainment,태티서,Baby Steps
2012,SM Entertainment,태티서,OMG (Oh My God)
2012,SM Entertainment,태티서,Library
2012,SM Entertainment,태티서,Goodbye, Hello
2012,SM Entertainment,태티서,Love Sick
2012,SM Entertainment,태티서,Checkmate
2014,SM Entertainment,태티서,Holler
2014,SM Entertainment,태티서,Adrenaline
2014,SM Entertainment,태티서,Whisper
2014,SM Entertainment,태티서,Stay
2014,SM Entertainment,태티서,Only U
2014,SM Entertainment,태티서,Eyes
2015,SM Entertainment,태티서,Dear Santa
2015,SM Entertainment,태티서,I Like The Way
2015,SM Entertainment,태티서,Winter Story
2018,SM Entertainment,소녀시대-Oh!GG,몰랐니
2008,SM Entertainment,SHINee,Replay (누난 너무 예뻐)
2008,SM Entertainment,SHINee,In My Room
2008,SM Entertainment,SHINee,Real
2008,SM Entertainment,SHINee,Love Should Go On
2008,SM Entertainment,SHINee,The SHINee World (Doo-Bop)
2008,SM Entertainment,SHINee,Love’s Way
2008,SM Entertainment,SHINee,Love Like Oxygen
2008,SM Entertainment,SHINee,Romantic
2008,SM Entertainment,SHINee,One for Me
2008,SM Entertainment,SHINee,Graze
2008,SM Entertainment,SHINee,Last Gift (In My Room - Prelude)
2008,SM Entertainment,SHINee,Best Place
2008,SM Entertainment,SHINee,그녀가 헤어졌다 (Y Si Fuera Ella)
2008,SM Entertainment,SHINee,Four Seasons
2008,SM Entertainment,SHINee,In My Room (Unplugged Remix)
2008,SM Entertainment,SHINee,Amigo
2009,SM Entertainment,SHINee,Juliette
2009,SM Entertainment,SHINee,Talk to You
2009,SM Entertainment,SHINee,Hit Me
2009,SM Entertainment,SHINee,Senorita
2009,SM Entertainment,SHINee,Please, Don’t Go
2009,SM Entertainment,SHINee,Romeo + Juliette
2009,SM Entertainment,SHINee,Y.O.U. (Year of Us)
2009,SM Entertainment,SHINee,Ring Ding Dong
2009,SM Entertainment,SHINee,Jo Jo
2009,SM Entertainment,SHINee,Get Down (Feat. Luna)
2009,SM Entertainment,SHINee,SHINee Girl
2009,SM Entertainment,SHINee,The Name I Loved (Feat. Kim Yeon Woo)
2010,SM Entertainment,SHINee,Lucifer
2010,SM Entertainment,SHINee,Electric Heart
2010,SM Entertainment,SHINee,A-Yo
2010,SM Entertainment,SHINee,Obsession
2010,SM Entertainment,SHINee,Quasimodo
2010,SM Entertainment,SHINee,Shout Out
2010,SM Entertainment,SHINee,Wowowow
2010,SM Entertainment,SHINee,Your Name
2010,SM Entertainment,SHINee,Life
2010,SM Entertainment,SHINee,Ready or Not
2010,SM Entertainment,SHINee,Love Pain
2010,SM Entertainment,SHINee,Love Still Goes On
2010,SM Entertainment,SHINee,Hello
2011,SM Entertainment,SHINee,The First
2011,SM Entertainment,SHINee,Better
2011,SM Entertainment,SHINee,To Your Heart
2011,SM Entertainment,SHINee,Always Love
2011,SM Entertainment,SHINee,Start
2011,SM Entertainment,SHINee,Seesaw
2012,SM Entertainment,SHINee,Sherlock (Clue + Note)
2012,SM Entertainment,SHINee,Clue
2012,SM Entertainment,SHINee,Note
2012,SM Entertainment,SHINee,Alarm Clock
2012,SM Entertainment,SHINee,The Reason
2012,SM Entertainment,SHINee,Honesty
2013,SM Entertainment,SHINee,Dream Girl
2013,SM Entertainment,SHINee,Spoiler
2013,SM Entertainment,SHINee,Hitchhiking
2013,SM Entertainment,SHINee,Punch Drunk Love
2013,SM Entertainment,SHINee,Girls Girls Girls
2013,SM Entertainment,SHINee,Aside
2013,SM Entertainment,SHINee,Beautiful
2013,SM Entertainment,SHINee,Dynamite
2013,SM Entertainment,SHINee,Runaway
2013,SM Entertainment,SHINee,Why So Serious?
2013,SM Entertainment,SHINee,Nightmare
2013,SM Entertainment,SHINee,SHINe (Medusa I)
2013,SM Entertainment,SHINee,Orgel
2013,SM Entertainment,SHINee,Dangerous (Medusa II)
2013,SM Entertainment,SHINee,Like A Fire
2013,SM Entertainment,SHINee,Excuse Me Miss
2013,SM Entertainment,SHINee,Evil
2013,SM Entertainment,SHINee,Sleepless Night
2013,SM Entertainment,SHINee,Symptoms
2013,SM Entertainment,SHINee,Better Off
2013,SM Entertainment,SHINee,Selene 6.23
2013,SM Entertainment,SHINee,Close the Door
2013,SM Entertainment,SHINee,Colorful
2013,SM Entertainment,SHINee,Everybody
2013,SM Entertainment,SHINee,Destination
2013,SM Entertainment,SHINee,Close the Door
2014,SM Entertainment,SHINee,Lucky Star
2014,SM Entertainment,SHINee,Downtown Baby
2014,SM Entertainment,SHINee,365
2014,SM Entertainment,SHINee,Picasso
2015,SM Entertainment,SHINee,View
2015,SM Entertainment,SHINee,Odd Eye
2015,SM Entertainment,SHINee,Lovesick
2015,SM Entertainment,SHINee,Romance
2015,SM Entertainment,SHINee,Trigger
2015,SM Entertainment,SHINee,이별의 길 (Farewell My Love)
2015,SM Entertainment,SHINee,너의 노래가 되어 (An Ode To You)
2015,SM Entertainment,SHINee,Alive
2015,SM Entertainment,SHINee,Woof Woof
2015,SM Entertainment,SHINee,Black Hole
2015,SM Entertainment,SHINee,재연 (An Encore)
2016,SM Entertainment,SHINee,1 of 1
2016,SM Entertainment,SHINee,Prism
2016,SM Entertainment,SHINee,Feel Good
2016,SM Entertainment,SHINee,Don’t Let Me Go (투명 우산)
2016,SM Entertainment,SHINee,Lipstick
2016,SM Entertainment,SHINee,Don’t Stop
2016,SM Entertainment,SHINee,SHIFT
2016,SM Entertainment,SHINee,U Need Me
2016,SM Entertainment,SHINee,So Amazing
2017,SM Entertainment,SHINee,Tell Me What To Do
2017,SM Entertainment,SHINee,Wish Upon A Star
2017,SM Entertainment,SHINee,Beautiful Life
2017,SM Entertainment,SHINee,Rescue
2017,SM Entertainment,SHINee,If You Love Her
2018,SM Entertainment,SHINee,Good Evening
2018,SM Entertainment,SHINee,All Day All Night
2018,SM Entertainment,SHINee,Undercover
2018,SM Entertainment,SHINee,JUMP
2018,SM Entertainment,SHINee,You & I
2018,SM Entertainment,SHINee,Electric
2018,SM Entertainment,SHINee,Drive
2018,SM Entertainment,SHINee,Who Waits For Love
2018,SM Entertainment,SHINee,Our Page
2018,SM Entertainment,SHINee,I Say
2018,SM Entertainment,SHINee,Retro
2018,SM Entertainment,SHINee,I Want You
2018,SM Entertainment,SHINee,One For All
2018,SM Entertainment,SHINee,Lock You Down
2018,SM Entertainment,SHINee,Sunny Side
2021,SM Entertainment,SHINee,Don't Call Me
2021,SM Entertainment,SHINee,Atlantis
2021,SM Entertainment,SHINee,Days and Years
2023,SM Entertainment,SHINee,The Feeling
2009,SM Entertainment,f(x),LA chA TA
2009,SM Entertainment,f(x),Chocolate Love
2009,SM Entertainment,f(x),Chu~♡
2009,SM Entertainment,f(x),Step by Me
2009,SM Entertainment,f(x),You Are My Destiny
2010,SM Entertainment,f(x),Nu ABO
2010,SM Entertainment,f(x),Mr. Boogie
2010,SM Entertainment,f(x),Ice Cream
2010,SM Entertainment,f(x),ME+U
2010,SM Entertainment,f(x),Surprise Party
2010,SM Entertainment,f(x),Sorry (Dear. Daddy)
2011,SM Entertainment,f(x),Pinocchio (Danger)
2011,SM Entertainment,f(x),Hot Summer
2011,SM Entertainment,f(x),Lollipop (feat. SHINee)
2012,SM Entertainment,f(x),Electric Shock
2012,SM Entertainment,f(x),Jet
2012,SM Entertainment,f(x),Zig Zag
2012,SM Entertainment,f(x),Beautiful Stranger
2012,SM Entertainment,f(x),Love Hate
2012,SM Entertainment,f(x),Let's Try
2013,SM Entertainment,f(x),Rum Pum Pum Pum (첫 사랑니)
2013,SM Entertainment,f(x),Shadow
2013,SM Entertainment,f(x),Pretty Girl
2013,SM Entertainment,f(x),Kick
2013,SM Entertainment,f(x),Signal
2013,SM Entertainment,f(x),Step
2013,SM Entertainment,f(x),Goodbye Summer (feat. D.O. of EXO)
2013,SM Entertainment,f(x),Airplane
2013,SM Entertainment,f(x),Toy
2013,SM Entertainment,f(x),No More
2013,SM Entertainment,f(x),Snapshot
2014,SM Entertainment,f(x),Red Light
2014,SM Entertainment,f(x),MILK
2014,SM Entertainment,f(x),Butterfly
2014,SM Entertainment,f(x),Rainbow
2014,SM Entertainment,f(x),All Night
2014,SM Entertainment,f(x),Vacance
2014,SM Entertainment,f(x),Spit It Out
2014,SM Entertainment,f(x),Boom Bang Boom
2015,SM Entertainment,f(x),4 Walls
2015,SM Entertainment,f(x),Glitter
2015,SM Entertainment,f(x),Deja Vu
2015,SM Entertainment,f(x),X
2015,SM Entertainment,f(x),Rude Love
2015,SM Entertainment,f(x),Diamond
2015,SM Entertainment,f(x),Traveler (feat. ZICO)
2015,SM Entertainment,f(x),Papi
2015,SM Entertainment,f(x),Cash Me Out
2015,SM Entertainment,f(x),When I'm Alone
2016,SM Entertainment,f(x),All Mine
2012,SM Entertainment,EXO,MAMA
2012,SM Entertainment,EXO,History
2012,SM Entertainment,EXO,What Is Love
2012,SM Entertainment,EXO,Angel
2012,SM Entertainment,EXO,Two Moons
2012,SM Entertainment,EXO,Machine
2013,SM Entertainment,EXO,Wolf
2013,SM Entertainment,EXO,Growl
2013,SM Entertainment,EXO,Baby Don't Cry
2013,SM Entertainment,EXO,Black Pearl
2013,SM Entertainment,EXO,Don't Go
2013,SM Entertainment,EXO,Let Out The Beast
2013,SM Entertainment,EXO,3.6.5
2013,SM Entertainment,EXO,Heart Attack
2013,SM Entertainment,EXO,Peter Pan
2013,SM Entertainment,EXO,Baby
2013,SM Entertainment,EXO,My Lady
2014,SM Entertainment,EXO,Overdose
2014,SM Entertainment,EXO,Moonlight
2014,SM Entertainment,EXO,Thunder
2014,SM Entertainment,EXO,Run
2014,SM Entertainment,EXO,Lucky
2014,SM Entertainment,EXO,Love Love Love
2015,SM Entertainment,EXO,Call Me Baby
2015,SM Entertainment,EXO,Transformer
2015,SM Entertainment,EXO,What If..
2015,SM Entertainment,EXO,My Answer
2015,SM Entertainment,EXO,Exodus
2015,SM Entertainment,EXO,El Dorado
2015,SM Entertainment,EXO,Playboy
2015,SM Entertainment,EXO,Hurt
2015,SM Entertainment,EXO,Lady Luck
2015,SM Entertainment,EXO,Beautiful
2015,SM Entertainment,EXO,Love Me Right
2015,SM Entertainment,EXO,Tender Love
2015,SM Entertainment,EXO,First Love
2015,SM Entertainment,EXO,Promise
2016,SM Entertainment,EXO,Lucky One
2016,SM Entertainment,EXO,Monster
2016,SM Entertainment,EXO,Artificial Love
2016,SM Entertainment,EXO,Cloud 9
2016,SM Entertainment,EXO,Heaven
2016,SM Entertainment,EXO,White Noise
2016,SM Entertainment,EXO,One and Only
2016,SM Entertainment,EXO,They Never Know
2016,SM Entertainment,EXO,Stronger
2016,SM Entertainment,EXO,Lotto
2016,SM Entertainment,EXO,Can't Bring Me Down
2016,SM Entertainment,EXO,She's Dreaming
2016,SM Entertainment,EXO,For Life
2017,SM Entertainment,EXO,Ko Ko Bop
2017,SM Entertainment,EXO,The Eve
2017,SM Entertainment,EXO,What U do?
2017,SM Entertainment,EXO,Forever
2017,SM Entertainment,EXO,Diamond
2017,SM Entertainment,EXO,Touch It
2017,SM Entertainment,EXO,Chill
2017,SM Entertainment,EXO,Walk On Memories
2017,SM Entertainment,EXO,Going Crazy
2018,SM Entertainment,EXO,Tempo
2018,SM Entertainment,EXO,Sign
2018,SM Entertainment,EXO,Ooh La La La
2018,SM Entertainment,EXO,Gravity
2018,SM Entertainment,EXO,With You
2018,SM Entertainment,EXO,24/7
2018,SM Entertainment,EXO,Bad Dream
2018,SM Entertainment,EXO,Damaged
2018,SM Entertainment,EXO,Smile On My Face
2018,SM Entertainment,EXO,Oasis
2018,SM Entertainment,EXO,Love Shot
2018,SM Entertainment,EXO,Trauma
2018,SM Entertainment,EXO,Wait
2019,SM Entertainment,EXO,Obsession
2019,SM Entertainment,EXO,Trouble
2019,SM Entertainment,EXO,Jekyll
2019,SM Entertainment,EXO,Groove
2019,SM Entertainment,EXO,Ya Ya Ya
2019,SM Entertainment,EXO,Baby You Are
2019,SM Entertainment,EXO,Non Stop
2019,SM Entertainment,EXO,Day After Day
2019,SM Entertainment,EXO,Butterfly Effect
2021,SM Entertainment,EXO,Don't Fight The Feeling
2021,SM Entertainment,EXO,Paradise
2021,SM Entertainment,EXO,No Matter
2021,SM Entertainment,EXO,Runaway
2021,SM Entertainment,EXO,Just as Usual
2022,SM Entertainment,EXO,The First Snow
2000,SM Entertainment,BoA,ID; Peace B
2000,SM Entertainment,BoA,Sara
2000,SM Entertainment,BoA,I'm Sorry
2000,SM Entertainment,BoA,Shy Love
2000,SM Entertainment,BoA,Whatever
2000,SM Entertainment,BoA,Valenti
2001,SM Entertainment,BoA,Amazing Kiss
2001,SM Entertainment,BoA,Listen to My Heart
2001,SM Entertainment,BoA,Every Heart
2001,SM Entertainment,BoA,Power
2001,SM Entertainment,BoA,Feelings Deep Inside
2001,SM Entertainment,BoA,Flower
2002,SM Entertainment,BoA,Kimochi Wa Tsutawaru
2002,SM Entertainment,BoA,No.1
2002,SM Entertainment,BoA,My Sweetie
2002,SM Entertainment,BoA,Shine We Are!
2002,SM Entertainment,BoA,Next Step
2002,SM Entertainment,BoA,Milky Way
2003,SM Entertainment,BoA,Double
2003,SM Entertainment,BoA,Jewel Song
2003,SM Entertainment,BoA,Rock with You
2003,SM Entertainment,BoA,Don't Start Now
2003,SM Entertainment,BoA,Atlantis Princess
2003,SM Entertainment,BoA,Little More
2004,SM Entertainment,BoA,My Name
2004,SM Entertainment,BoA,Spark
2004,SM Entertainment,BoA,Milestone
2005,SM Entertainment,BoA,Moto
2005,SM Entertainment,BoA,Outgrow
2005,SM Entertainment,BoA,Make a Secret
2005,SM Entertainment,BoA,Eien
2006,SM Entertainment,BoA,Nanairo no Ashita
2006,SM Entertainment,BoA,Everlasting
2006,SM Entertainment,BoA,Winter Love
2006,SM Entertainment,BoA,Key of Heart
2007,SM Entertainment,BoA,Love Letter
2007,SM Entertainment,BoA,Be with You
2008,SM Entertainment,BoA,Vivid
2008,SM Entertainment,BoA,Kissing You
2008,SM Entertainment,BoA,Bad Drive
2008,SM Entertainment,BoA,Best Friend
2009,SM Entertainment,BoA,Eat You Up
2009,SM Entertainment,BoA,Look Who's Talking
2009,SM Entertainment,BoA,I Did It for Love
2009,SM Entertainment,BoA,Energetic
2009,SM Entertainment,BoA,Obsessed
2010,SM Entertainment,BoA,Hurricane Venus
2010,SM Entertainment,BoA,Dangerous
2010,SM Entertainment,BoA,Adrenaline
2011,SM Entertainment,BoA,Milestone
2012,SM Entertainment,BoA,Only One
2012,SM Entertainment,BoA,The Shadow
2012,SM Entertainment,BoA,Hope
2012,SM Entertainment,BoA,Not Over U
2013,SM Entertainment,BoA,Tail of Hope
2013,SM Entertainment,BoA,Message
2014,SM Entertainment,BoA,Shout It Out
2014,SM Entertainment,BoA,Masayume Chasing
2014,SM Entertainment,BoA,Fly
2015,SM Entertainment,BoA,Kiss My Lips
2015,SM Entertainment,BoA,Who Are You
2015,SM Entertainment,BoA,Smash
2016,SM Entertainment,BoA,Make Me Complete
2016,SM Entertainment,BoA,No Matter What
2016,SM Entertainment,BoA,Music Is Wonderful
2017,SM Entertainment,BoA,Camo
2018,SM Entertainment,BoA,Nega Dola
2018,SM Entertainment,BoA,One Shot, Two Shot
2018,SM Entertainment,BoA,Woman
2020,SM Entertainment,BoA,Better
2021,SM Entertainment,BoA,My Dear
2021,SM Entertainment,BoA,All That Jazz
2008,SM Entertainment,태연,만약에 (If)
2008,SM Entertainment,태연,들리나요? (Can You Hear Me?)
2010,SM Entertainment,태연,사랑해요 (I Love You)
2010,SM Entertainment,태연,별처럼 (Like a Star) [with The One]
2011,SM Entertainment,태연,달라 (Different) [with 김범수]
2012,SM Entertainment,태연,미치게 보고싶은 (Missing You Like Crazy)
2013,SM Entertainment,태연,그리고 하나 (And One)
2014,SM Entertainment,태연,사랑 그 한마디 (Love, That One Word)
2014,SM Entertainment,태연,숨소리 (Breath) [with 종현]
2015,SM Entertainment,태연,I
2015,SM Entertainment,태연,U R
2015,SM Entertainment,태연,쌍둥이자리 (Gemini)
2015,SM Entertainment,태연,Stress
2015,SM Entertainment,태연,먼저 말해줘 (Tell Me First)
2016,SM Entertainment,태연,Rain
2016,SM Entertainment,태연,Why
2016,SM Entertainment,태연,Starlight [feat. DEAN]
2017,SM Entertainment,태연,Make Me Love You
2017,SM Entertainment,태연,11:11
2018,SM Entertainment,태연,This Christmas
2018,SM Entertainment,태연,Let It Snow
2019,SM Entertainment,태연,Four Seasons
2019,SM Entertainment,태연,Blue
2020,SM Entertainment,태연,Happy
2020,SM Entertainment,태연,What Do I Call You
2021,SM Entertainment,태연,Weekend
2022,SM Entertainment,태연,INVU
2022,SM Entertainment,태연,Can't Control Myself
2016,SM Entertainment,티파니,I Just Wanna Dance
2016,SM Entertainment,티파니,Talk
2016,SM Entertainment,티파니,Fool
2016,SM Entertainment,티파니,What Do I Do
2016,SM Entertainment,티파니,Yellow Light
2016,SM Entertainment,티파니,Once in a Lifetime
2016,SM Entertainment,티파니,Heartbreak Hotel [feat. Simon Dominic]
2018,Transparent Arts,티파니,Over My Skin
2018,Transparent Arts,티파니,Teach You
2018,Transparent Arts,티파니,Peppermint
2019,Transparent Arts,티파니,Born Again
2019,Transparent Arts,티파니,Lips on Lips
2019,Transparent Arts,티파니,Runaway [feat. Babyface]
2019,Transparent Arts,티파니,Magnetic Moon
2019,Transparent Arts,티파니,Run For Your Life
2017,SM Entertainment,서현,Don't Say No
2017,SM Entertainment,서현,Hello [feat. Eric Nam]
2017,SM Entertainment,서현,Magic
2017,SM Entertainment,서현,혼자 하는 사랑 (Lonely Love)
2017,SM Entertainment,서현,Love & Affection
2017,SM Entertainment,서현,Bad Love
2017,SM Entertainment,서현,달빛 (Moonlight)
2016,SM Entertainment,윤아,덕수궁 돌담길의 봄 (Deoksugung Stonewall Walkway) [feat. 10cm]
2017,SM Entertainment,윤아,When The Wind Blows
2018,SM Entertainment,윤아,To You
2019,SM Entertainment,윤아,A Walk to Remember
2016,SM Entertainment,효연,Mystery
2017,SM Entertainment,효연,Wannabe [feat. San E]
2018,SM Entertainment,효연,Sober [feat. Ummet Ozcan]
2020,SM Entertainment,효연,Dessert [feat. Loopy, Soyeon]
2020,SM Entertainment,aespa,Black Mamba
2021,SM Entertainment,aespa,Forever (약속)
2021,SM Entertainment,aespa,Next Level
2021,SM Entertainment,aespa,Savage
2021,SM Entertainment,aespa,aenergy
2021,SM Entertainment,aespa,I’ll Make You Cry
2021,SM Entertainment,aespa,YEPPI YEPPI
2021,SM Entertainment,aespa,ICONIC
2021,SM Entertainment,aespa,Lucid Dream (자각몽)
2021,SM Entertainment,aespa,Dreams Come True
2022,SM Entertainment,aespa,Illusion (도깨비불)
2022,SM Entertainment,aespa,Life’s Too Short
2022,SM Entertainment,aespa,Girls
2022,SM Entertainment,aespa,Lingo
2022,SM Entertainment,aespa,ICU
2022,SM Entertainment,aespa,Beautiful Christmas (with Red Velvet)
2023,SM Entertainment,aespa,Hold On Tight
2023,SM Entertainment,aespa,Spicy
2023,SM Entertainment,aespa,Salty & Sweet
2023,SM Entertainment,aespa,Thirsty
2023,SM Entertainment,aespa,I’m Unhappy
2023,SM Entertainment,aespa,‘Til We Meet Again
2023,SM Entertainment,aespa,Drama
2023,SM Entertainment,aespa,Trick or Trick
2023,SM Entertainment,aespa,Don’t Blink
2023,SM Entertainment,aespa,Hot Air Balloon
2023,SM Entertainment,aespa,YOLO
2023,SM Entertainment,aespa,You
2023,SM Entertainment,aespa,Better Things
2024,SM Entertainment,aespa,Regret of the Times (2024 Aespa Remake Version)
2024,SM Entertainment,aespa,Over You (Feat. Chris Martin & Aespa)
2024,SM Entertainment,aespa,DieTrying (with TOKiMONSTA)
2024,SM Entertainment,aespa,Supernova
2024,SM Entertainment,aespa,Armageddon
2024,SM Entertainment,aespa,Set The Tone
2024,SM Entertainment,aespa,Mine
2024,SM Entertainment,aespa,Licorice
2024,SM Entertainment,aespa,BAHAMA
2024,SM Entertainment,aespa,Long Chat (#♥)
2024,SM Entertainment,aespa,Prologue
2024,SM Entertainment,aespa,Live My Life
2024,SM Entertainment,aespa,목소리 (Melody)
2018,SM Entertainment,온유,Blue
2018,SM Entertainment,온유,Your Scent
2018,SM Entertainment,온유,Under the Starlight
2022,SM Entertainment,온유,Dice
2022,SM Entertainment,온유,Sunshine
2022,SM Entertainment,온유,On the Way
2022,SM Entertainment,온유,Cough
2015,SM Entertainment,종현,Déjà-Boo
2015,SM Entertainment,종현,Crazy (Guilty Pleasure)
2015,SM Entertainment,종현,Hallelujah
2015,SM Entertainment,종현,Beautiful Tonight
2016,SM Entertainment,종현,She Is
2016,SM Entertainment,종현,White T-Shirt
2016,SM Entertainment,종현,Orbit
2016,SM Entertainment,종현,Moon
2017,SM Entertainment,종현,Lonely (with 태연)
2017,SM Entertainment,종현,Elevator
2017,SM Entertainment,종현,Let Me Out
2017,SM Entertainment,종현,Love Is So Nice
2018,SM Entertainment,종현,Shinin'
2018,SM Entertainment,종현,Take The Dive
2018,SM Entertainment,종현,Grease
2018,SM Entertainment,종현,Before Our Spring
2018,SM Entertainment,Key,One of Those Nights (feat. Crush)
2018,SM Entertainment,Key,Good Good
2018,SM Entertainment,Key,Honest
2019,SM Entertainment,Key,I Wanna Be (feat. 소연)
2019,SM Entertainment,Key,Show Me
2021,SM Entertainment,Key,Bad Love
2021,SM Entertainment,Key,Yellow Tape
2021,SM Entertainment,Key,Hate that... (feat. 태연)
2019,SM Entertainment,민호,I'm Home
2022,SM Entertainment,민호,Heartbreak
2023,SM Entertainment,민호,Runaway
2014,SM Entertainment,태민,Danger
2014,SM Entertainment,태민,Experience
2016,SM Entertainment,태민,Press Your Number
2016,SM Entertainment,태민,Drip Drop
2017,SM Entertainment,태민,Move
2017,SM Entertainment,태민,Thirsty
2019,SM Entertainment,태민,WANT
2019,SM Entertainment,태민,Artistic Groove
2020,SM Entertainment,태민,Criminal
2020,SM Entertainment,태민,IDEA (理想)
2019,SM Entertainment,WayV,Regular (理所当然)
2019,SM Entertainment,WayV,Come Back (噩梦)
2019,SM Entertainment,WayV,Dream Launch (梦想发射计划)
2019,SM Entertainment,WayV,Take Off (无翼而飞)
2019,SM Entertainment,WayV,Let me love u
2019,SM Entertainment,WayV,Love Talk
2019,SM Entertainment,WayV,Moonwalk
2019,SM Entertainment,WayV,Yeah Yeah Yeah
2020,SM Entertainment,WayV,Turn Back Time
2020,SM Entertainment,WayV,Bad Alive
2020,SM Entertainment,WayV,Unbreakable
2020,SM Entertainment,WayV,After Midnight
2020,SM Entertainment,WayV,Electric Hearts
2020,SM Entertainment,WayV,Stand By Me
2021,SM Entertainment,WayV,Action Figure
2021,SM Entertainment,WayV,Horizon
2021,SM Entertainment,WayV,Kick Back
2021,SM Entertainment,WayV,All For Love
2021,SM Entertainment,WayV,Good Time
2021,SM Entertainment,WayV,Horizon
2022,SM Entertainment,WayV,Phantom
2022,SM Entertainment,WayV,Diamonds Only
2022,SM Entertainment,WayV,Good Life
2022,SM Entertainment,WayV,Broken Love
2022,SM Entertainment,WayV,Bounce Back
2022,SM Entertainment,WayV,Try My Luck
2022,SM Entertainment,WayV,Back To You
2022,SM Entertainment,WayV,Low Low
2023,SM Entertainment,WayV,Miracle
2023,SM Entertainment,WayV,Welcome to my Paradise
2023,SM Entertainment,WayV,Try Again
2024,SM Entertainment,WayV,On My Youth
2024,SM Entertainment,WayV,Everytime
2024,SM Entertainment,WayV,Nectar
2018,SM Entertainment,Lucas,All Night Long (with 태연)
2018,SM Entertainment,Lucas,Coffee Break (with Jonah Nilsson, featuring Richard Bona)
2024,SM Entertainment,Lucas,Renegade
2014,SM Entertainment,Red Velvet,Happiness
2014,SM Entertainment,Red Velvet,Be Natural
2015,SM Entertainment,Red Velvet,Ice Cream Cake
2015,SM Entertainment,Red Velvet,Automatic
2015,SM Entertainment,Red Velvet,Somethin Kinda Crazy
2015,SM Entertainment,Red Velvet,Stupid Cupid
2015,SM Entertainment,Red Velvet,Take It Slow
2015,SM Entertainment,Red Velvet,Candy
2015,SM Entertainment,Red Velvet,Dumb Dumb
2015,SM Entertainment,Red Velvet,Huff n Puff
2015,SM Entertainment,Red Velvet,Campfire
2015,SM Entertainment,Red Velvet,Red Dress
2015,SM Entertainment,Red Velvet,Oh Boy
2015,SM Entertainment,Red Velvet,Lady’s Room
2015,SM Entertainment,Red Velvet,Time Slip
2015,SM Entertainment,Red Velvet,Don’t U Wait No More
2015,SM Entertainment,Red Velvet,Day 1
2015,SM Entertainment,Red Velvet,Cool World
2015,SM Entertainment,Red Velvet,Wish Tree
2016,SM Entertainment,Red Velvet,One Of These Nights
2016,SM Entertainment,Red Velvet,Cool Hot Sweet Love
2016,SM Entertainment,Red Velvet,Light Me Up
2016,SM Entertainment,Red Velvet,First Time
2016,SM Entertainment,Red Velvet,Rose Scent Breeze
2016,SM Entertainment,Red Velvet,Russian Roulette
2016,SM Entertainment,Red Velvet,Lucky Girl
2016,SM Entertainment,Red Velvet,Bad Dracula
2016,SM Entertainment,Red Velvet,Sunny Afternoon
2016,SM Entertainment,Red Velvet,Fool
2016,SM Entertainment,Red Velvet,Some Love
2016,SM Entertainment,Red Velvet,My Dear
2017,SM Entertainment,Red Velvet,Rookie
2017,SM Entertainment,Red Velvet,Little Little
2017,SM Entertainment,Red Velvet,Happily Ever After
2017,SM Entertainment,Red Velvet,Talk To Me
2017,SM Entertainment,Red Velvet,Body Talk
2017,SM Entertainment,Red Velvet,Last Love
2017,SM Entertainment,Red Velvet,Would U
2017,SM Entertainment,Red Velvet,Red Flavor
2017,SM Entertainment,Red Velvet,You Better Know
2017,SM Entertainment,Red Velvet,Zoo
2017,SM Entertainment,Red Velvet,Mojito
2017,SM Entertainment,Red Velvet,Hear The Sea
2017,SM Entertainment,Red Velvet,Rebirth
2017,SM Entertainment,Red Velvet,Peek-A-Boo
2017,SM Entertainment,Red Velvet,Look
2017,SM Entertainment,Red Velvet,I Just
2017,SM Entertainment,Red Velvet,Kingdom Come
2017,SM Entertainment,Red Velvet,My Second Date
2017,SM Entertainment,Red Velvet,Attaboy
2017,SM Entertainment,Red Velvet,Perfect 10
2017,SM Entertainment,Red Velvet,About Love
2017,SM Entertainment,Red Velvet,Moonlight Melody
2018,SM Entertainment,Red Velvet,Bad Boy
2018,SM Entertainment,Red Velvet,All Right
2018,SM Entertainment,Red Velvet,Time To Love
2018,SM Entertainment,Red Velvet,#Cookie Jar
2018,SM Entertainment,Red Velvet,Aitai-tai
2018,SM Entertainment,Red Velvet,Cause it’s you
2018,SM Entertainment,Red Velvet,Power Up
2018,SM Entertainment,Red Velvet,With You
2018,SM Entertainment,Red Velvet,Mr. E
2018,SM Entertainment,Red Velvet,Mosquito
2018,SM Entertainment,Red Velvet,Hit That Drum
2018,SM Entertainment,Red Velvet,Blue Lemonade
2018,SM Entertainment,Red Velvet,RBB
2018,SM Entertainment,Red Velvet,Butterflies
2018,SM Entertainment,Red Velvet,So Good
2018,SM Entertainment,Red Velvet,Sassy Me
2018,SM Entertainment,Red Velvet,Taste
2019,SM Entertainment,Red Velvet,Sappy
2019,SM Entertainment,Red Velvet,Sayonara
2019,SM Entertainment,Red Velvet,Swimming Pool
2019,SM Entertainment,Red Velvet,Milkshake
2019,SM Entertainment,Red Velvet,Jelly
2019,SM Entertainment,Red Velvet,Rookie
2019,SM Entertainment,Red Velvet,Hear The Sea
2019,SM Entertainment,Red Velvet,Zimzalabim
2019,SM Entertainment,Red Velvet,Bing Bing
2019,SM Entertainment,Red Velvet,Sunny Side Up!
2019,SM Entertainment,Red Velvet,Milkshake
2019,SM Entertainment,Red Velvet,LP
2019,SM Entertainment,Red Velvet,Umpah Umpah
2019,SM Entertainment,Red Velvet,Carpool
2019,SM Entertainment,Red Velvet,Love Is The Way
2019,SM Entertainment,Red Velvet,Jumpin’
2019,SM Entertainment,Red Velvet,Ladies Night
2019,SM Entertainment,Red Velvet,Eye Make-Up
2019,SM Entertainment,Red Velvet,La Rouge
2020,SM Entertainment,Red Velvet,Psycho
2020,SM Entertainment,Red Velvet,In & Out
2020,SM Entertainment,Red Velvet,Remember Forever
2020,SM Entertainment,Red Velvet,Knock On Wood
2020,SM Entertainment,Red Velvet,Carpool
2020,SM Entertainment,Red Velvet,Love Is The Way
2020,SM Entertainment,Red Velvet,Jumpin’
2020,SM Entertainment,Red Velvet,Ladies Night
2020,SM Entertainment,Red Velvet,Eye Make-Up
2020,SM Entertainment,Red Velvet,La Rouge
2020,SM Entertainment,Red Velvet,Milky Way
2021,SM Entertainment,Red Velvet,Queendom
2021,SM Entertainment,Red Velvet,Pose
2021,SM Entertainment,Red Velvet,Knock On Wood
2021,SM Entertainment,Red Velvet,Better Be
2021,SM Entertainment,Red Velvet,Pushin’ N Pullin’
2021,SM Entertainment,Red Velvet,Hello, Sunset
2022,SM Entertainment,Red Velvet,Feel My Rhythm
2022,SM Entertainment,Red Velvet,Rainbow Halo
2022,SM Entertainment,Red Velvet,Beg For Me
2022,SM Entertainment,Red Velvet,BAMBOLEO
2022,SM Entertainment,Red Velvet,Good, Bad, Ugly
2022,SM Entertainment,Red Velvet,In My Dreams
2022,SM Entertainment,Red Velvet,Bye Bye
2022,SM Entertainment,Red Velvet,On A Ride
2022,SM Entertainment,Red Velvet,ZOOM
2022,SM Entertainment,Red Velvet,Celebrate
2022,SM Entertainment,Red Velvet,Cheese
2022,SM Entertainment,Red Velvet,Time To Love
2022,SM Entertainment,Red Velvet,Birthday
2023,SM Entertainment,Red Velvet,Chill Kill
2023,SM Entertainment,Red Velvet,Wake Up
2023,SM Entertainment,Red Velvet,Hot & Cold
2023,SM Entertainment,Red Velvet,Hot Sauce
2023,SM Entertainment,Red Velvet,Hot Hot
2021,SM Entertainment,웬디,Like Water
2021,SM Entertainment,웬디,When This Rain Stops
2021,SM Entertainment,웬디,Why Can’t You Love Me?
2021,SM Entertainment,웬디,초코치즈볼 (The Road)
2021,SM Entertainment,웬디,Best Friend (with Seulgi)
2022,SM Entertainment,슬기,28 Reasons
2022,SM Entertainment,슬기,Dead Man Runnin’
2022,SM Entertainment,슬기,Bad Boy, Sad Girl (with BE’O)
2022,SM Entertainment,슬기,Anywhere But Home
2022,SM Entertainment,슬기,Los Angeles
2022,SM Entertainment,슬기,Crown
2021,SM Entertainment,조이,Hello
2021,SM Entertainment,조이,Je T’aime
2021,SM Entertainment,조이,안녕 (Goodbye)
2021,SM Entertainment,조이,Day By Day
2021,SM Entertainment,조이,If Only
2021,SM Entertainment,조이,Happy Birthday To You
2021,SM Entertainment,조이,Be There For You
2018,SM Entertainment,예리,Hair in the Air (with NCT’s Renjun, Jeno, Jaemin)
2019,SM Entertainment,예리,Story (with Ragoon)
2020,SM Entertainment,아이린&슬기,Monster
2020,SM Entertainment,아이린&슬기,Naughty
2020,SM Entertainment,아이린&슬기,Diamond
2020,SM Entertainment,아이린&슬기,Feel Good
2020,SM Entertainment,아이린&슬기,Jelly
2020,SM Entertainment,아이린&슬기,Uncover (Sung by Seulgi)
2016,SM Entertainment,NCT U,The 7th Sense
2016,SM Entertainment,NCT U,Without You
2016,SM Entertainment,NCT 127,Fire Truck
2016,SM Entertainment,NCT 127,Taste the Feeling
2016,SM Entertainment,NCT 127,Mad City
2016,SM Entertainment,NCT 127,Switch
2016,SM Entertainment,NCT Dream,Chewing Gum
2017,SM Entertainment,NCT 127,Limitless
2017,SM Entertainment,NCT 127,Good Thing
2017,SM Entertainment,NCT 127,Cherry Bomb
2017,SM Entertainment,NCT Dream,My First and Last
2017,SM Entertainment,NCT Dream,We Young
2017,SM Entertainment,NCT Dream,Trigger the Fever
2018,SM Entertainment,NCT 2018,Black on Black
2018,SM Entertainment,NCT 2018,BOSS
2018,SM Entertainment,NCT 2018,Baby Don’t Stop
2018,SM Entertainment,NCT 2018,GO
2018,SM Entertainment,NCT 127,Touch
2018,SM Entertainment,NCT Dream,GO
2019,SM Entertainment,NCT 127,Superhuman
2019,SM Entertainment,NCT 127,Highway to Heaven
2019,SM Entertainment,NCT Dream,BOOM
2019,SM Entertainment,NCT Dream,Stronger
2020,SM Entertainment,NCT 2020,Make A Wish (Birthday Song)
2020,SM Entertainment,NCT 2020,90's Love
2020,SM Entertainment,NCT 2020,From Home
2020,SM Entertainment,NCT 2020,Work It
2020,SM Entertainment,NCT 127,Kick It
2020,SM Entertainment,NCT Dream,Ridin'
2021,SM Entertainment,NCT 2021,Universe (Let’s Play Ball)
2021,SM Entertainment,NCT 2021,New Axis
2021,SM Entertainment,NCT 127,Favorites (Vampire)
2021,SM Entertainment,NCT Dream,Hot Sauce
2021,SM Entertainment,NCT Dream,Hello Future
2022,SM Entertainment,NCT U,Birthday Party
2022,SM Entertainment,NCT U,Round&Round
2022,SM Entertainment,NCT U,Sweet Dream
2022,SM Entertainment,NCT 127,Sticker
2022,SM Entertainment,NCT 127,2 Baddies
2022,SM Entertainment,NCT Dream,Glitch Mode
2022,SM Entertainment,NCT Dream,Beatbox
2023,SM Entertainment,NCT U,Golden Age
2023,SM Entertainment,NCT U,Baggy Jeans
2023,SM Entertainment,NCT U,Calling
2023,SM Entertainment,NCT 127,Fact Check
2023,SM Entertainment,NCT Dream,ISTJ
2021,SM Entertainment,태용,Long Flight
2023,SM Entertainment,태용,SHALALA
2021,SM Entertainment,태일,Starlight
2021,SM Entertainment,태일,The Moon
2021,SM Entertainment,도영,Like a Star
2021,SM Entertainment,도영,Night Air
2019,SM Entertainment,마크,Child
2021,SM Entertainment,마크,SMILE
2023,SM Entertainment,RIIZE,Memories
2023,SM Entertainment,RIIZE,Get A Guitar
2023,SM Entertainment,RIIZE,Talk Saxy
2023,SM Entertainment,RIIZE,HAPPY! HAPPY! HAPPY!
2023,SM Entertainment,RIIZE,Look at me SEALOOK
2023,SM Entertainment,RIIZE,Get A Guitar (English ver.)
2024,SM Entertainment,RIIZE,Love 119
2024,SM Entertainment,RIIZE,Siren
2024,SM Entertainment,RIIZE,Impossible
2024,SM Entertainment,RIIZE,9 Days
2024,SM Entertainment,RIIZE,Honestly
2024,SM Entertainment,RIIZE,One Kiss
2024,SM Entertainment,RIIZE,Boom Boom Bass
