2017, Woollim Entertainment, 골든차일드, Gol-Cha!
2017, Woollim Entertainment, 골든차일드, DamDaDi (담다디)
2017, Woollim Entertainment, 골든차일드, With Me (나랑해)
2017, Woollim Entertainment, 골든차일드, What Happened?
2017, Woollim Entertainment, 골든차일드, I Love You So (네가 너무 좋아)
2017, Woollim Entertainment, 골든차일드, Sea
2018, Woollim Entertainment, 골든차일드, Miracle
2018, Woollim Entertainment, 골든차일드, It’s U
2018, Woollim Entertainment, 골든차일드, Lady
2018, Woollim Entertainment, 골든차일드, Crush
2018, Woollim Entertainment, 골든차일드, All Day
2018, Woollim Entertainment, 골든차일드, I’m Falling
2018, Woollim Entertainment, 골든차일드, Let Me
2018, Woollim Entertainment, 골든차일드, If
2018, Woollim Entertainment, 골든차일드, Thank You
2018, Woollim Entertainment, 골든차일드, Wish
2018, Woollim Entertainment, 골든차일드, Genie
2018, Woollim Entertainment, 골든차일드, Eyes on You
2018, Woollim Entertainment, 골든차일드, I See U
2018, Woollim Entertainment, 골든차일드, Listen
2018, Woollim Entertainment, 골든차일드, YTMOB (You Turn Me On Baby)
2018, Woollim Entertainment, 골든차일드, Would U Be My
2019, Woollim Entertainment, 골든차일드, Spring Again
2019, Woollim Entertainment, 골든차일드, Re-boot
2019, Woollim Entertainment, 골든차일드, WANNABE
2019, Woollim Entertainment, 골든차일드, Lately
2019, Woollim Entertainment, 골든차일드, COMPASS
2019, Woollim Entertainment, 골든차일드, No Matter What (feat. 홍주찬)
2019, Woollim Entertainment, 골든차일드, A Song For Me
2019, Woollim Entertainment, 골든차일드, She’s My Girl
2019, Woollim Entertainment, 골든차일드, Our Heaven
2019, Woollim Entertainment, 골든차일드, Fantasia
2019, Woollim Entertainment, 골든차일드, Don’t run away
2019, Woollim Entertainment, 골든차일드, Go Together
2020, Woollim Entertainment, 골든차일드, Without You
2020, Woollim Entertainment, 골든차일드, I Love U Crazy!
2020, Woollim Entertainment, 골든차일드, Take Off
2020, Woollim Entertainment, 골든차일드, ONE (Lucid Dream)
2020, Woollim Entertainment, 골든차일드, OMG
2020, Woollim Entertainment, 골든차일드, Moment
2020, Woollim Entertainment, 골든차일드, Make Me Love
2020, Woollim Entertainment, 골든차일드, H.E.R
2020, Woollim Entertainment, 골든차일드, Pass Me By
2020, Woollim Entertainment, 골든차일드, Pump It Up
2020, Woollim Entertainment, 골든차일드, That Guy
2020, Woollim Entertainment, 골든차일드, Lean On Me
2021, Woollim Entertainment, 골든차일드, YES.
2021, Woollim Entertainment, 골든차일드, Burn It
2021, Woollim Entertainment, 골든차일드, Cool Cool
2021, Woollim Entertainment, 골든차일드, Round N Round
2021, Woollim Entertainment, 골든차일드, Milky Way
2021, Woollim Entertainment, 골든차일드, Breathe
2021, Woollim Entertainment, 골든차일드, Game Changer
2021, Woollim Entertainment, 골든차일드, Ra Pam Pam
2021, Woollim Entertainment, 골든차일드, Bottom Of The Ocean
2021, Woollim Entertainment, 골든차일드, Fanfare
2021, Woollim Entertainment, 골든차일드, Singing In The Rain
2021, Woollim Entertainment, 골든차일드, GAME
2021, Woollim Entertainment, 골든차일드, Spell
2021, Woollim Entertainment, 골든차일드, Out The Window
2021, Woollim Entertainment, 골든차일드, POPPIN’
2021, Woollim Entertainment, 골든차일드, That Feeling
2021, Woollim Entertainment, 골든차일드, I Know
2021, Woollim Entertainment, 골든차일드, DDARA
2021, Woollim Entertainment, 골든차일드, OASIS
2022, Woollim Entertainment, 골든차일드, AURA
2022, Woollim Entertainment, 골든차일드, Replay
2022, Woollim Entertainment, 골든차일드, Knocking On My Door
2022, Woollim Entertainment, 골든차일드, 3! 6! 5!
2022, Woollim Entertainment, 골든차일드, Purpose
2023, Woollim Entertainment, 골든차일드, Feel me
2023, Woollim Entertainment, 골든차일드, Blind Love
2023, Woollim Entertainment, 골든차일드, Dear
2017, Woollim Entertainment, 골든차일드, Love Letter (20th Century Boy and Girl OST Part.3)
2019, Woollim Entertainment, 골든차일드, NEVER (Legal High OST Part.3)
2020, Woollim Entertainment, 골든차일드, Love Shake (Best Mistake 2 OST)
2020, Woollim Entertainment, 골든차일드, Come With Me (Lonely Enough to Love OST Part.1)
2022, Woollim Entertainment, 골든차일드, Love Your Everything (Moonshine OST Part.9)
2019, Woollim Entertainment, 로켓펀치 (Rocket Punch), PINK PUNCH
2019, Woollim Entertainment, 로켓펀치 (Rocket Punch), BIM BAM BUM (빔밤붐)
2019, Woollim Entertainment, 로켓펀치 (Rocket Punch), Love Is Over
2019, Woollim Entertainment, 로켓펀치 (Rocket Punch), Lucid Dream
2019, Woollim Entertainment, 로켓펀치 (Rocket Punch), Favorite (특이점)
2019, Woollim Entertainment, 로켓펀치 (Rocket Punch), Do Something (선올 넘어)
2020, Woollim Entertainment, 로켓펀치 (Rocket Punch), RED PUNCH
2020, Woollim Entertainment, 로켓펀치 (Rocket Punch), BOUNCY
2020, Woollim Entertainment, 로켓펀치 (Rocket Punch), So Solo
2020, Woollim Entertainment, 로켓펀치 (Rocket Punch), Fireworks
2020, Woollim Entertainment, 로켓펀치 (Rocket Punch), Paper Star
2020, Woollim Entertainment, 로켓펀치 (Rocket Punch), Lilac
2020, Woollim Entertainment, 로켓펀치 (Rocket Punch), Girl Friend
2020, Woollim Entertainment, 로켓펀치 (Rocket Punch), BLUE PUNCH
2020, Woollim Entertainment, 로켓펀치 (Rocket Punch), JUICY
2020, Woollim Entertainment, 로켓펀치 (Rocket Punch), SUMMER PUNCH!
2020, Woollim Entertainment, 로켓펀치 (Rocket Punch), One Summer Night
2020, Woollim Entertainment, 로켓펀치 (Rocket Punch), TWINKLE STAR
2020, Woollim Entertainment, 로켓펀치 (Rocket Punch), THE THE
2021, Woollim Entertainment, 로켓펀치 (Rocket Punch), Ring Ring
2021, Woollim Entertainment, 로켓펀치 (Rocket Punch), I Want U Bad
2021, Woollim Entertainment, 로켓펀치 (Rocket Punch), Ride
2021, Woollim Entertainment, 로켓펀치 (Rocket Punch), Ring Ring (Acoustic Ver.)
2021, Woollim Entertainment, 로켓펀치 (Rocket Punch), Bubble Up! (Japanese)
2021, Woollim Entertainment, 로켓펀치 (Rocket Punch), Overture (Japanese)
2021, Woollim Entertainment, 로켓펀치 (Rocket Punch), Jolly Jolly (Japanese)
2021, Woollim Entertainment, 로켓펀치 (Rocket Punch), Summer Days (Japanese)
2021, Woollim Entertainment, 로켓펀치 (Rocket Punch), Let's Dance (Japanese)
2021, Woollim Entertainment, 로켓펀치 (Rocket Punch), BIM BAM BUM (Japanese)
2022, Woollim Entertainment, 로켓펀치 (Rocket Punch), YELLOW PUNCH
2022, Woollim Entertainment, 로켓펀치 (Rocket Punch), CHIQUITA
2022, Woollim Entertainment, 로켓펀치 (Rocket Punch), In My World (주인공)
2022, Woollim Entertainment, 로켓펀치 (Rocket Punch), Red Balloon (덤덤)
2022, Woollim Entertainment, 로켓펀치 (Rocket Punch), Love More (어제, 오늘 내일보다 더)
2022, Woollim Entertainment, 로켓펀치 (Rocket Punch), LOUDER
2022, Woollim Entertainment, 로켓펀치 (Rocket Punch), FLASH
2022, Woollim Entertainment, 로켓펀치 (Rocket Punch), Moon Prism
2022, Woollim Entertainment, 로켓펀치 (Rocket Punch), Beep Beep
2023, Woollim Entertainment, 로켓펀치 (Rocket Punch), BOOM
2023, Woollim Entertainment, 로켓펀치 (Rocket Punch), Alive
2023, Woollim Entertainment, 로켓펀치 (Rocket Punch), Give Me Your Heart
2020, Woollim Entertainment, 로켓펀치 (Rocket Punch), With Woollim (Relay)
2022, Woollim Entertainment, 로켓펀치 (Rocket Punch), Listen-Up EP.5 (Thanks to) (Prod. Ryan Jhun, LAS)
2023, Woollim Entertainment, 로켓펀치 (Rocket Punch), DAWN TAPE (SODA) (YUNKYOUNG, SOHEE, DAHYUN)
2023, Woollim Entertainment, 로켓펀치 (Rocket Punch), Secret Playlist OST Part.1 (Paradise)
2020, Woollim Entertainment, 드리핀 (DRIPPIN), Boyager
2020, Woollim Entertainment, 드리핀 (DRIPPIN), Nostalgia
2020, Woollim Entertainment, 드리핀 (DRIPPIN), Overdrive
2020, Woollim Entertainment, 드리핀 (DRIPPIN), Shine
2020, Woollim Entertainment, 드리핀 (DRIPPIN), Colors (물들여)
2020, Woollim Entertainment, 드리핀 (DRIPPIN), Light (빛)
2021, Woollim Entertainment, 드리핀 (DRIPPIN), A Better Tomorrow
2021, Woollim Entertainment, 드리핀 (DRIPPIN), Young Blood
2021, Woollim Entertainment, 드리핀 (DRIPPIN), Reach Out Your Hands (손을 뻗어봐)
2021, Woollim Entertainment, 드리핀 (DRIPPIN), Without U
2021, Woollim Entertainment, 드리핀 (DRIPPIN), Firefly
2021, Woollim Entertainment, 드리핀 (DRIPPIN), FATE
2021, Woollim Entertainment, 드리핀 (DRIPPIN), Free Pass
2021, Woollim Entertainment, 드리핀 (DRIPPIN), Stay
2021, Woollim Entertainment, 드리핀 (DRIPPIN), Wish
2021, Woollim Entertainment, 드리핀 (DRIPPIN), Vertigo
2022, Woollim Entertainment, 드리핀 (DRIPPIN), Villain
2022, Woollim Entertainment, 드리핀 (DRIPPIN), 7Villaz
2022, Woollim Entertainment, 드리핀 (DRIPPIN), Switch
2022, Woollim Entertainment, 드리핀 (DRIPPIN), Shy
2022, Woollim Entertainment, 드리핀 (DRIPPIN), Delusion
2022, Woollim Entertainment, 드리핀 (DRIPPIN), Remember
2022, Woollim Entertainment, 드리핀 (DRIPPIN), Zero
2022, Woollim Entertainment, 드리핀 (DRIPPIN), Game
2022, Woollim Entertainment, 드리핀 (DRIPPIN), Trick and Treat
2022, Woollim Entertainment, 드리핀 (DRIPPIN), Villain: The End
2022, Woollim Entertainment, 드리핀 (DRIPPIN), I.N.O
2022, Woollim Entertainment, 드리핀 (DRIPPIN), The One
2022, Woollim Entertainment, 드리핀 (DRIPPIN), Silence
2022, Woollim Entertainment, 드리핀 (DRIPPIN), Monster
2022, Woollim Entertainment, 드리핀 (DRIPPIN), Home
2022, Woollim Entertainment, 드리핀 (DRIPPIN), Utopia
2022, Woollim Entertainment, 드리핀 (DRIPPIN), Deja Vu
2022, Woollim Entertainment, 드리핀 (DRIPPIN), Escape
2022, Woollim Entertainment, 드리핀 (DRIPPIN), Champion
2022, Woollim Entertainment, 드리핀 (DRIPPIN), When I'm with You
2022, Woollim Entertainment, 드리핀 (DRIPPIN), So Good
2023, Woollim Entertainment, 드리핀 (DRIPPIN), Seven Sins
2023, Woollim Entertainment, 드리핀 (DRIPPIN), Stereo
2023, Woollim Entertainment, 드리핀 (DRIPPIN), Bad Blood
2023, Woollim Entertainment, 드리핀 (DRIPPIN), Hello Goodbye
2024, Woollim Entertainment, 드리핀 (DRIPPIN), Beautiful Maze
2024, Woollim Entertainment, 드리핀 (DRIPPIN), Get Loud
2024, Woollim Entertainment, 드리핀 (DRIPPIN), Black Mirror
2014, Woollim Entertainment, 러블리즈 (Lovelyz), Good Night Like Yesterday (어제처럼 굿나잇)
2014, Woollim Entertainment, 러블리즈 (Lovelyz), Candy Jelly Love
2014, Woollim Entertainment, 러블리즈 (Lovelyz), Good-bye Chapter 1
2014, Woollim Entertainment, 러블리즈 (Lovelyz), Getaway
2014, Woollim Entertainment, 러블리즈 (Lovelyz), Strange (feat. WHEESUNG) (BABYSOUL)
2014, Woollim Entertainment, 러블리즈 (Lovelyz), She is a flirt (feat. Jang Dongwoo of INFINITE) (BABYSOUL, Kei)
2014, Woollim Entertainment, 러블리즈 (Lovelyz), Delight (Yoo Jiae)
2014, Woollim Entertainment, 러블리즈 (Lovelyz), Gone (JIN)
2015, Woollim Entertainment, 러블리즈 (Lovelyz), Hi~
2015, Woollim Entertainment, 러블리즈 (Lovelyz), Joyland
2015, Woollim Entertainment, 러블리즈 (Lovelyz), Shooting Star
2015, Woollim Entertainment, 러블리즈 (Lovelyz), Welcome to the Lovelyz8
2015, Woollim Entertainment, 러블리즈 (Lovelyz), Ah-Choo
2015, Woollim Entertainment, 러블리즈 (Lovelyz), Hug Me
2015, Woollim Entertainment, 러블리즈 (Lovelyz), How To Be A Pretty Girl
2015, Woollim Entertainment, 러블리즈 (Lovelyz), Sweet & Sour
2015, Woollim Entertainment, 러블리즈 (Lovelyz), Rapunzel
2015, Woollim Entertainment, 러블리즈 (Lovelyz), For You
2015, Woollim Entertainment, 러블리즈 (Lovelyz), Circle
2015, Woollim Entertainment, 러블리즈 (Lovelyz), Bebe
2016, Woollim Entertainment, 러블리즈 (Lovelyz), Moonrise
2016, Woollim Entertainment, 러블리즈 (Lovelyz), Destiny (My Earth)
2016, Woollim Entertainment, 러블리즈 (Lovelyz), Fondant
2016, Woollim Entertainment, 러블리즈 (Lovelyz), Bookmark
2016, Woollim Entertainment, 러블리즈 (Lovelyz), 1cm
2016, Woollim Entertainment, 러블리즈 (Lovelyz), Dear You
2016, Woollim Entertainment, 러블리즈 (Lovelyz), Baby Doll
2017, Woollim Entertainment, 러블리즈 (Lovelyz), R U Ready?
2017, Woollim Entertainment, 러블리즈 (Lovelyz), WoW!
2017, Woollim Entertainment, 러블리즈 (Lovelyz), Cameo
2017, Woollim Entertainment, 러블리즈 (Lovelyz), Emotion
2017, Woollim Entertainment, 러블리즈 (Lovelyz), Dawn Star (BABYSOUL, Kei, JIN)
2017, Woollim Entertainment, 러블리즈 (Lovelyz), First Snow
2017, Woollim Entertainment, 러블리즈 (Lovelyz), Knock Knock
2017, Woollim Entertainment, 러블리즈 (Lovelyz), The (Lee Mijoo, Ryu Sujeong, Jeong Yein)
2017, Woollim Entertainment, 러블리즈 (Lovelyz), Night and Day
2017, Woollim Entertainment, 러블리즈 (Lovelyz), Hide and Seek
2017, Woollim Entertainment, 러블리즈 (Lovelyz), My Little Lover (Yoo Jiae, Seo Jisoo)
2017, Woollim Entertainment, 러블리즈 (Lovelyz), Now, We
2017, Woollim Entertainment, 러블리즈 (Lovelyz), Aya
2017, Woollim Entertainment, 러블리즈 (Lovelyz), Spotlight
2017, Woollim Entertainment, 러블리즈 (Lovelyz), Twinkle
2017, Woollim Entertainment, 러블리즈 (Lovelyz), Triangle
2017, Woollim Entertainment, 러블리즈 (Lovelyz), Just
2017, Woollim Entertainment, 러블리즈 (Lovelyz), Fallin’
2017, Woollim Entertainment, 러블리즈 (Lovelyz), Secret Garden
2017, Woollim Entertainment, 러블리즈 (Lovelyz), Sleepy Dreams
2018, Woollim Entertainment, 러블리즈 (Lovelyz), Heal
2018, Woollim Entertainment, 러블리즈 (Lovelyz), That Day
2018, Woollim Entertainment, 러블리즈 (Lovelyz), Mi-myo Mi-myo
2018, Woollim Entertainment, 러블리즈 (Lovelyz), Temptation
2018, Woollim Entertainment, 러블리즈 (Lovelyz), Watercolor
2018, Woollim Entertainment, 러블리즈 (Lovelyz), SHINING★STAR
2018, Woollim Entertainment, 러블리즈 (Lovelyz), Wag-zak
2018, Woollim Entertainment, 러블리즈 (Lovelyz), Muse on Music (Instrumental Album)
2018, Woollim Entertainment, 러블리즈 (Lovelyz), Never Ending
2018, Woollim Entertainment, 러블리즈 (Lovelyz), Lost N Found
2018, Woollim Entertainment, 러블리즈 (Lovelyz), Like U
2018, Woollim Entertainment, 러블리즈 (Lovelyz), Rewind
2018, Woollim Entertainment, 러블리즈 (Lovelyz), Rain
2018, Woollim Entertainment, 러블리즈 (Lovelyz), Daydream
2018, Woollim Entertainment, 러블리즈 (Lovelyz), Floral
2019, Woollim Entertainment, 러블리즈 (Lovelyz), Once upon a time
2019, Woollim Entertainment, 러블리즈 (Lovelyz), Beautiful Days
2019, Woollim Entertainment, 러블리즈 (Lovelyz), Close To You
2019, Woollim Entertainment, 러블리즈 (Lovelyz), Sweet Luv
2019, Woollim Entertainment, 러블리즈 (Lovelyz), Secret Story
2019, Woollim Entertainment, 러블리즈 (Lovelyz), LOVE GAME
2020, Woollim Entertainment, 러블리즈 (Lovelyz), Unforgettable
2020, Woollim Entertainment, 러블리즈 (Lovelyz), Obliviate
2020, Woollim Entertainment, 러블리즈 (Lovelyz), Dream in a dream
2020, Woollim Entertainment, 러블리즈 (Lovelyz), Never, Secret
2020, Woollim Entertainment, 러블리즈 (Lovelyz), Memories
2020, Woollim Entertainment, 러블리즈 (Lovelyz), Worry Dolls
2020, Woollim Entertainment, 러블리즈 (Lovelyz), Loving You (Do Do Sol Sol La La Sol OST Part.3)
2020, Woollim Entertainment, 러블리즈 (Lovelyz), Under the Sky of Suncheon (with Golden Child)
2016, Woollim Entertainment, 러블리즈 (Lovelyz), Clean (Second to Last Love OST Part.2)
2017, Woollim Entertainment, 러블리즈 (Lovelyz), Take me somewhere (Fever Music 2017)
2018, Woollim Entertainment, 러블리즈 (Lovelyz), Just Like Now (Fever Music 2018)
2019, Woollim Entertainment, 러블리즈 (Lovelyz), Sixth Sense (QUEENDOM)
2019, Woollim Entertainment, 러블리즈 (Lovelyz), Cameo (Musical Ver.)
2019, Woollim Entertainment, 러블리즈 (Lovelyz), Moonlight (QUEENDOM)
2020, Woollim Entertainment, 러블리즈 (Lovelyz), Relay (With Woollim)
2010, Woollim Entertainment, 인피니트 (Infinite), Come Back Again (다시 돌아와)
2010, Woollim Entertainment, 인피니트 (Infinite), She's Back
2011, Woollim Entertainment, 인피니트 (Infinite), BTD (Before the Dawn)
2011, Woollim Entertainment, 인피니트 (Infinite), Can U Smile (Broadcasting ver.)
2011, Woollim Entertainment, 인피니트 (Infinite), Nothing's Over
2011, Woollim Entertainment, 인피니트 (Infinite), Shot
2011, Woollim Entertainment, 인피니트 (Infinite), Be Mine (내꺼하자)
2011, Woollim Entertainment, 인피니트 (Infinite), 3분의 1 (1/3)
2011, Woollim Entertainment, 인피니트 (Infinite), Tic Toc
2011, Woollim Entertainment, 인피니트 (Infinite), Julia
2011, Woollim Entertainment, 인피니트 (Infinite), Paradise
2011, Woollim Entertainment, 인피니트 (Infinite), Cover Girl (Live ver.)
2011, Woollim Entertainment, 인피니트 (Infinite), 참지마 (Crying)
2012, Woollim Entertainment, 인피니트 (Infinite), The Chaser (추격자)
2012, Woollim Entertainment, 인피니트 (Infinite), Feel So Bad
2013, Woollim Entertainment, 인피니트 (Infinite), Man In Love (남자가 사랑할 때)
2013, Woollim Entertainment, 인피니트 (Infinite), 이보다 좋을 순 없다 (As Good As It Gets)
2013, Woollim Entertainment, 인피니트 (Infinite), Destiny
2013, Woollim Entertainment, 인피니트 (Infinite), Inception
2013, Woollim Entertainment, 인피니트 (Infinite), Request
2014, Woollim Entertainment, 인피니트 (Infinite), Last Romeo
2014, Woollim Entertainment, 인피니트 (Infinite), Follow Me
2014, Woollim Entertainment, 인피니트 (Infinite), 로시난테 (Rosinante)
2014, Woollim Entertainment, 인피니트 (Infinite), 숨 좀 쉬자 (Breathe)
2014, Woollim Entertainment, 인피니트 (Infinite), Light
2014, Woollim Entertainment, 인피니트 (Infinite), Back
2014, Woollim Entertainment, 인피니트 (Infinite), Diamond
2014, Woollim Entertainment, 인피니트 (Infinite), 눈을 감으면 (Close Your Eyes)
2014, Woollim Entertainment, 인피니트 (Infinite), 본능적으로 (Instinctively)
2015, Woollim Entertainment, 인피니트 (Infinite), Bad
2015, Woollim Entertainment, 인피니트 (Infinite), Moonlight
2016, Woollim Entertainment, 인피니트 (Infinite), The Eye (태풍)
2016, Woollim Entertainment, 인피니트 (Infinite), Air
2016, Woollim Entertainment, 인피니트 (Infinite), 그 해 여름 (The Second Story)
2016, Woollim Entertainment, 인피니트 (Infinite), 봄날 (With Woollim)
2018, Woollim Entertainment, 인피니트 (Infinite), Tell Me
2019, Woollim Entertainment, 인피니트 (Infinite), Clock
2023, Infinite Company, 인피니트 (Infinite), New Emotions
2024, Infinite Company, 인피니트 (Infinite), Flower
2012, Woollim Entertainment, 인피니트 (Infinite), Love U Like U (Shut Up Flower Boy Band OST)
2013, Woollim Entertainment, 인피니트 (Infinite), 불공평해 (Unfair Love) (20's Choice Awards Special OST)
2016, Starship Entertainment, 우주소녀(WJSN), MoMoMo
2016, Starship Entertainment, 우주소녀(WJSN), Catch Me
2016, Starship Entertainment, 우주소녀(WJSN), Secret
2016, Starship Entertainment, 우주소녀(WJSN), Would You Kiss Me
2016, Starship Entertainment, 우주소녀(WJSN), Prince
2016, Starship Entertainment, 우주소녀(WJSN), Robot
2016, Starship Entertainment, 우주소녀(WJSN), Good Night
2017, Starship Entertainment, 우주소녀(WJSN), I Wish
2017, Starship Entertainment, 우주소녀(WJSN), Babyface
2017, Starship Entertainment, 우주소녀(WJSN), Say Yes
2017, Starship Entertainment, 우주소녀(WJSN), Perfect!
2017, Starship Entertainment, 우주소녀(WJSN), Merry Go Round
2017, Starship Entertainment, 우주소녀(WJSN), Closer To You
2017, Starship Entertainment, 우주소녀(WJSN), Happy
2017, Starship Entertainment, 우주소녀(WJSN), Miracle
2017, Starship Entertainment, 우주소녀(WJSN), Mr. BADBOY
2017, Starship Entertainment, 우주소녀(WJSN), Sugar Pop
2017, Starship Entertainment, 우주소녀(WJSN), B.B.B.Boo
2017, Starship Entertainment, 우주소녀(WJSN), 기적 같은 아이 (MIRACLE)
2017, Starship Entertainment, 우주소녀(WJSN), Closer
2017, Starship Entertainment, 우주소녀(WJSN), Geeminy
2018, Starship Entertainment, 우주소녀(WJSN), Dreams Come True
2018, Starship Entertainment, 우주소녀(WJSN), Love O’Clock
2018, Starship Entertainment, 우주소녀(WJSN), Renaissance
2018, Starship Entertainment, 우주소녀(WJSN), Starry Moment
2018, Starship Entertainment, 우주소녀(WJSN), Hurry Up
2018, Starship Entertainment, 우주소녀(WJSN), Thawing
2018, Starship Entertainment, 우주소녀(WJSN), We Are
2018, Starship Entertainment, 우주소녀(WJSN), Ujung
2019, Starship Entertainment, 우주소녀(WJSN), La La Love
2019, Starship Entertainment, 우주소녀(WJSN), You Got It
2019, Starship Entertainment, 우주소녀(WJSN), Star
2019, Starship Entertainment, 우주소녀(WJSN), Boogie Up
2019, Starship Entertainment, 우주소녀(WJSN), 너, 너, 너 (Oh My Summer)
2019, Starship Entertainment, 우주소녀(WJSN), 우리의 정원 (Our Garden)
2019, Starship Entertainment, 우주소녀(WJSN), 바람 (Bada)
2019, Starship Entertainment, 우주소녀(WJSN), 소나기 (So So)
2019, Starship Entertainment, 우주소녀(WJSN), Luckitty-cat
2020, Starship Entertainment, 우주소녀(WJSN), As You Wish
2020, Starship Entertainment, 우주소녀(WJSN), Butterfly
2020, Starship Entertainment, 우주소녀(WJSN), Pantomime
2020, Starship Entertainment, 우주소녀(WJSN), 이루리 (Dreams Come True - Special Ver.)
2021, Starship Entertainment, 우주소녀(WJSN), Unnatural
2021, Starship Entertainment, 우주소녀(WJSN), Last Dance
2021, Starship Entertainment, 우주소녀(WJSN), Super Moon
2021, Starship Entertainment, 우주소녀(WJSN), New Me
2021, Starship Entertainment, 우주소녀(WJSN), Yalla
2021, Starship Entertainment, 우주소녀(WJSN), Rewind
2022, Starship Entertainment, 우주소녀(WJSN), Let Me In
2022, Starship Entertainment, 우주소녀(WJSN), Aura
2022, Starship Entertainment, 우주소녀(WJSN), Done
2022, Starship Entertainment, 우주소녀(WJSN), Stronger
2022, Starship Entertainment, 우주소녀(WJSN), HOLA
2023, Starship Entertainment, 우주소녀(WJSN), Sequence
2023, Starship Entertainment, 우주소녀(WJSN), Kiss Your Lips
2023, Starship Entertainment, 우주소녀(WJSN), Babyface
2023, Starship Entertainment, 우주소녀(WJSN), Stay Here
2015, Starship Entertainment, 몬스타엑스(MONSTA X), Trespass
2015, Starship Entertainment, 몬스타엑스(MONSTA X), Rush
2015, Starship Entertainment, 몬스타엑스(MONSTA X), Hero
2015, Starship Entertainment, 몬스타엑스(MONSTA X), Steal Your Heart
2015, Starship Entertainment, 몬스타엑스(MONSTA X), Perfect Girl
2016, Starship Entertainment, 몬스타엑스(MONSTA X), All In
2016, Starship Entertainment, 몬스타엑스(MONSTA X), Stuck
2016, Starship Entertainment, 몬스타엑스(MONSTA X), Fighter
2016, Starship Entertainment, 몬스타엑스(MONSTA X), Ex Girl (feat. Whee In of MAMAMOO)
2016, Starship Entertainment, 몬스타엑스(MONSTA X), Ready or Not
2017, Starship Entertainment, 몬스타엑스(MONSTA X), Beautiful
2017, Starship Entertainment, 몬스타엑스(MONSTA X), Shine Forever
2017, Starship Entertainment, 몬스타엑스(MONSTA X), Newton
2017, Starship Entertainment, 몬스타엑스(MONSTA X), Dramarama
2018, Starship Entertainment, 몬스타엑스(MONSTA X), Jealousy
2018, Starship Entertainment, 몬스타엑스(MONSTA X), Shoot Out
2018, Starship Entertainment, 몬스타엑스(MONSTA X), Livin' It Up
2018, Starship Entertainment, 몬스타엑스(MONSTA X), Alligator
2018, Starship Entertainment, 몬스타엑스(MONSTA X), Spotlight
2018, Starship Entertainment, 몬스타엑스(MONSTA X), Heart Attack
2019, Starship Entertainment, 몬스타엑스(MONSTA X), Alligator
2019, Starship Entertainment, 몬스타엑스(MONSTA X), Rodeo
2019, Starship Entertainment, 몬스타엑스(MONSTA X), Play It Cool (with Steve Aoki)
2019, Starship Entertainment, 몬스타엑스(MONSTA X), Someone's Someone
2019, Starship Entertainment, 몬스타엑스(MONSTA X), Find You
2019, Starship Entertainment, 몬스타엑스(MONSTA X), Middle of the Night
2020, Starship Entertainment, 몬스타엑스(MONSTA X), Fantasia
2020, Starship Entertainment, 몬스타엑스(MONSTA X), Love Killa
2020, Starship Entertainment, 몬스타엑스(MONSTA X), Flow
2020, Starship Entertainment, 몬스타엑스(MONSTA X), Stand Up
2020, Starship Entertainment, 몬스타엑스(MONSTA X), Nobody Else
2021, Starship Entertainment, 몬스타엑스(MONSTA X), Gambler
2021, Starship Entertainment, 몬스타엑스(MONSTA X), One Day
2021, Starship Entertainment, 몬스타엑스(MONSTA X), You Problem
2021, Starship Entertainment, 몬스타엑스(MONSTA X), Kiss or Death
2021, Starship Entertainment, 몬스타엑스(MONSTA X), Secret
2022, Starship Entertainment, 몬스타엑스(MONSTA X), Rush Hour
2022, Starship Entertainment, 몬스타엑스(MONSTA X), Ride with U
2022, Starship Entertainment, 몬스타엑스(MONSTA X), Love
2022, Starship Entertainment, 몬스타엑스(MONSTA X), Burning Up (feat. R3HAB)
2022, Starship Entertainment, 몬스타엑스(MONSTA X), Wildfire
2023, Starship Entertainment, 몬스타엑스(MONSTA X), Beautiful Liar
2023, Starship Entertainment, 몬스타엑스(MONSTA X), Daydream
2023, Starship Entertainment, 몬스타엑스(MONSTA X), Chaotic
2023, Starship Entertainment, 몬스타엑스(MONSTA X), Lone Ranger
2023, Starship Entertainment, 몬스타엑스(MONSTA X), Crescendo
2020, Starship Entertainment, 크래비티(CRAVITY), Break all the Rules
2020, Starship Entertainment, 크래비티(CRAVITY), Jumper
2020, Starship Entertainment, 크래비티(CRAVITY), Blackout
2020, Starship Entertainment, 크래비티(CRAVITY), Stay
2020, Starship Entertainment, 크래비티(CRAVITY), Cloud 9
2020, Starship Entertainment, 크래비티(CRAVITY), Top of the Chain
2020, Starship Entertainment, 크래비티(CRAVITY), Star
2020, Starship Entertainment, 크래비티(CRAVITY), Realize
2020, Starship Entertainment, 크래비티(CRAVITY), Hot Air Balloon
2020, Starship Entertainment, 크래비티(CRAVITY), Ohh Ahh
2021, Starship Entertainment, 크래비티(CRAVITY), My Turn
2021, Starship Entertainment, 크래비티(CRAVITY), Mammoth
2021, Starship Entertainment, 크래비티(CRAVITY), Bad Habits
2021, Starship Entertainment, 크래비티(CRAVITY), Moonlight
2021, Starship Entertainment, 크래비티(CRAVITY), Dangerous
2021, Starship Entertainment, 크래비티(CRAVITY), Give me your love
2021, Starship Entertainment, 크래비티(CRAVITY), POW!
2021, Starship Entertainment, 크래비티(CRAVITY), Breathing
2021, Starship Entertainment, 크래비티(CRAVITY), Chinga-Linga
2021, Starship Entertainment, 크래비티(CRAVITY), Gas Pedal
2021, Starship Entertainment, 크래비티(CRAVITY), VENI VIDI VICI
2021, Starship Entertainment, 크래비티(CRAVITY), Divin'
2021, Starship Entertainment, 크래비티(CRAVITY), Go Go
2022, Starship Entertainment, 크래비티(CRAVITY), Adrenaline
2022, Starship Entertainment, 크래비티(CRAVITY), Stay (English Ver.)
2022, Starship Entertainment, 크래비티(CRAVITY), VIVID
2022, Starship Entertainment, 크래비티(CRAVITY), Jumper (English Ver.)
2022, Starship Entertainment, 크래비티(CRAVITY), Automatic
2022, Starship Entertainment, 크래비티(CRAVITY), CALLIN'
2022, Starship Entertainment, 크래비티(CRAVITY), New Addiction
2022, Starship Entertainment, 크래비티(CRAVITY), Boogie Woogie
2022, Starship Entertainment, 크래비티(CRAVITY), Party Rock
2022, Starship Entertainment, 크래비티(CRAVITY), #CHILLIN'
2022, Starship Entertainment, 크래비티(CRAVITY), Colorful
2022, Starship Entertainment, 크래비티(CRAVITY), Flip The Frame
2023, Starship Entertainment, 크래비티(CRAVITY), Groovy
2023, Starship Entertainment, 크래비티(CRAVITY), LOVE FIRE
2023, Starship Entertainment, 크래비티(CRAVITY), Fly
2023, Starship Entertainment, 크래비티(CRAVITY), Vibe
2023, Starship Entertainment, 크래비티(CRAVITY), Baddie
2023, Starship Entertainment, 크래비티(CRAVITY), Automatic
2021, Starship Entertainment, 아이브(IVE), ELEVEN
2021, Starship Entertainment, 아이브(IVE), Take It
2022, Starship Entertainment, 아이브(IVE), LOVE DIVE
2022, Starship Entertainment, 아이브(IVE), ROYAL
2022, Starship Entertainment, 아이브(IVE), After LIKE
2022, Starship Entertainment, 아이브(IVE), My Satisfaction
2023, Starship Entertainment, 아이브(IVE), Kitsch
2023, Starship Entertainment, 아이브(IVE), I AM
2023, Starship Entertainment, 아이브(IVE), Blue Blood
2023, Starship Entertainment, 아이브(IVE), NOT YOUR GIRL
2023, Starship Entertainment, 아이브(IVE), Lips
2023, Starship Entertainment, 아이브(IVE), Heroine
2023, Starship Entertainment, 아이브(IVE), Mine
2023, Starship Entertainment, 아이브(IVE), Hypnosis
2023, Starship Entertainment, 아이브(IVE), Cherish
2023, Starship Entertainment, 아이브(IVE), Shine With Me
2022, WAKEONE, 케플러 (Kep1er), FIRST IMPACT
2022, WAKEONE, 케플러 (Kep1er), See The Light
2022, WAKEONE, 케플러 (Kep1er), WA DA DA (와다다)
2022, WAKEONE, 케플러 (Kep1er), MVSK
2022, WAKEONE, 케플러 (Kep1er), Shine (Kep1er Ver.)
2022, WAKEONE, 케플러 (Kep1er), Another Dream (Kep1er Ver.)
2022, WAKEONE, 케플러 (Kep1er), O.O.O (Over&Over&Over) (Kep1er Ver.)
2022, WAKEONE, 케플러 (Kep1er), DOUBLAST
2022, WAKEONE, 케플러 (Kep1er), Up! (업!)
2022, WAKEONE, 케플러 (Kep1er), LE VOYA9E
2022, WAKEONE, 케플러 (Kep1er), Attention
2022, WAKEONE, 케플러 (Kep1er), Good Night
2022, WAKEONE, 케플러 (Kep1er), Rewind
2022, WAKEONE, 케플러 (Kep1er), TROUBLESHOOTER
2022, WAKEONE, 케플러 (Kep1er), We Fresh (위 프레쉬)
2022, WAKEONE, 케플러 (Kep1er), Lion Tamer
2022, WAKEONE, 케플러 (Kep1er), Downtown
2022, WAKEONE, 케플러 (Kep1er), Dreams
2022, WAKEONE, 케플러 (Kep1er), THE GIRLS (Can’t turn me down) (Remastered)
2022, WAKEONE, 케플러 (Kep1er), Sugar Rush (UNIVERSE MUSIC)
2022, WAKEONE, 케플러 (Kep1er), WA DA DA (QUEENDOM 2 Ver.)
2022, WAKEONE, 케플러 (Kep1er), Pool Party (Rollin’ right now)
2022, WAKEONE, 케플러 (Kep1er), Don’t Go (Kim Chaehyun, Seo Youngeun)
2022, WAKEONE, 케플러 (Kep1er), Purr (XIAOTING, Kim Dayeon, HIKARU)
2023, WAKEONE, 케플러 (Kep1er), LOVESTRUCK!
2023, WAKEONE, 케플러 (Kep1er), Giddy (기디)
2023, WAKEONE, 케플러 (Kep1er), LVLY
2023, WAKEONE, 케플러 (Kep1er), Back to the City
2023, WAKEONE, 케플러 (Kep1er), Why
2023, WAKEONE, 케플러 (Kep1er), Happy Ending
2023, WAKEONE, 케플러 (Kep1er), Magic Hour
2023, WAKEONE, 케플러 (Kep1er), Galileo (갈릴레오)
2023, WAKEONE, 케플러 (Kep1er), The Door
2023, WAKEONE, 케플러 (Kep1er), Love on Lock
2023, WAKEONE, 케플러 (Kep1er), Tropical Light (Choi Yujin, XIAOTING, Seo Youngeun, Kang Yeseo)
2023, WAKEONE, 케플러 (Kep1er), TAPE (MASHIRO, Kim Chaehyun, Kim Dayeon, HIKARU, Huening Bahiyyih)
2023, WAKEONE, 케플러 (Kep1er), Rescue Tayo (TAYO X Kep1er)
2023, WAKEONE, 케플러 (Kep1er), Got You (Kim Chaehyun, Kim Dayeon, Seo Youngeun) (Shinbi’s Haunted House Season 5 OST)
2024, WAKEONE, 케플러 (Kep1er), Kep1going
2024, WAKEONE, 케플러 (Kep1er), Straight Line
2024, WAKEONE, 케플러 (Kep1er), Fly-High
2024, WAKEONE, 케플러 (Kep1er), Grand Prix
2023, WAKEONE, 제로베이스원 (ZEROBASEONE), YOUTH IN THE SHADE
2023, WAKEONE, 제로베이스원 (ZEROBASEONE), Back to ZEROBASE
2023, WAKEONE, 제로베이스원 (ZEROBASEONE), In Bloom
2023, WAKEONE, 제로베이스원 (ZEROBASEONE), New Kidz on the Block
2023, WAKEONE, 제로베이스원 (ZEROBASEONE), 우주먼지 (And I)
2023, WAKEONE, 제로베이스원 (ZEROBASEONE), Our Season
2023, WAKEONE, 제로베이스원 (ZEROBASEONE), Always (Zhang Hao)
2023, WAKEONE, 제로베이스원 (ZEROBASEONE), MELTING POINT
2023, WAKEONE, 제로베이스원 (ZEROBASEONE), Take My Hand
2023, WAKEONE, 제로베이스원 (ZEROBASEONE), CRUSH
2023, WAKEONE, 제로베이스원 (ZEROBASEONE), Kidz Zone
2023, WAKEONE, 제로베이스원 (ZEROBASEONE), Good Night
2024, WAKEONE, 제로베이스원 (ZEROBASEONE), You Had Me at Hello
2024, WAKEONE, 제로베이스원 (ZEROBASEONE), Solar POWER
2024, WAKEONE, 제로베이스원 (ZEROBASEONE), Feel the POP
2024, WAKEONE, 제로베이스원 (ZEROBASEONE), Dear ECLIPSE
2024, WAKEONE, 제로베이스원 (ZEROBASEONE), SWEAT
2024, WAKEONE, 제로베이스원 (ZEROBASEONE), Sunday RIDE
2024, WAKEONE, 제로베이스원 (ZEROBASEONE), HELLO
2024, WAKEONE, 제로베이스원 (ZEROBASEONE), Feel the POP (Sped Up Ver.)
2024, WAKEONE, 제로베이스원 (ZEROBASEONE), Yura Yura (Unmei no Hana) (ゆらゆら -運命の花-)
2020, Belift Lab, 엔하이픈 (ENHYPEN), BORDER : DAY ONE
2020, Belift Lab, 엔하이픈 (ENHYPEN), Intro : Walk the Line
2020, Belift Lab, 엔하이픈 (ENHYPEN), Given-Taken
2020, Belift Lab, 엔하이픈 (ENHYPEN), Let Me In (20 CUBE)
2020, Belift Lab, 엔하이픈 (ENHYPEN), 10 Months
2020, Belift Lab, 엔하이픈 (ENHYPEN), Flicker
2020, Belift Lab, 엔하이픈 (ENHYPEN), Outro : Cross the Line
2021, Belift Lab, 엔하이픈 (ENHYPEN), BORDER : CARNIVAL
2021, Belift Lab, 엔하이픈 (ENHYPEN), Intro : The Invitation
2021, Belift Lab, 엔하이픈 (ENHYPEN), Drunk-Dazed
2021, Belift Lab, 엔하이픈 (ENHYPEN), FEVER
2021, Belift Lab, 엔하이픈 (ENHYPEN), Not For Sale
2021, Belift Lab, 엔하이픈 (ENHYPEN), Mixed Up
2021, Belift Lab, 엔하이픈 (ENHYPEN), Outro : The Wormhole
2021, Belift Lab, 엔하이픈 (ENHYPEN), DIMENSION : DILEMMA
2021, Belift Lab, 엔하이픈 (ENHYPEN), Intro : Whiteout
2021, Belift Lab, 엔하이픈 (ENHYPEN), Tamed-Dashed
2021, Belift Lab, 엔하이픈 (ENHYPEN), Upper Side Dreamin’
2021, Belift Lab, 엔하이픈 (ENHYPEN), Just A Little Bit
2021, Belift Lab, 엔하이픈 (ENHYPEN), Go Big or Go Home
2021, Belift Lab, 엔하이픈 (ENHYPEN), Blockbuster (feat. YEONJUN of TXT)
2021, Belift Lab, 엔하이픈 (ENHYPEN), Attention, please!
2021, Belift Lab, 엔하이픈 (ENHYPEN), Interlude : Question
2022, Belift Lab, 엔하이픈 (ENHYPEN), DIMENSION : ANSWER
2022, Belift Lab, 엔하이픈 (ENHYPEN), Blessed-Cursed
2022, Belift Lab, 엔하이픈 (ENHYPEN), Polaroid Love
2022, Belift Lab, 엔하이픈 (ENHYPEN), Outro : Day 2
2022, Belift Lab, 엔하이픈 (ENHYPEN), MANIFESTO : DAY 1
2022, Belift Lab, 엔하이픈 (ENHYPEN), WALK THE LINE
2022, Belift Lab, 엔하이픈 (ENHYPEN), Future Perfect (Pass the MIC)
2022, Belift Lab, 엔하이픈 (ENHYPEN), ParadoXXX Invasion
2022, Belift Lab, 엔하이픈 (ENHYPEN), TFW (That Feeling When)
2022, Belift Lab, 엔하이픈 (ENHYPEN), SHOUT OUT
2022, Belift Lab, 엔하이픈 (ENHYPEN), Foreshadow
2022, Belift Lab, 엔하이픈 (ENHYPEN), I Need The Light (구해줘) (Mimicus OST)
2022, Belift Lab, 엔하이픈 (ENHYPEN), One In A Billion (DARK MOON: THE BLOOD ALTAR OST)
2023, Belift Lab, 엔하이픈 (ENHYPEN), DARK BLOOD
2023, Belift Lab, 엔하이픈 (ENHYPEN), Fate
2023, Belift Lab, 엔하이픈 (ENHYPEN), Bite Me
2023, Belift Lab, 엔하이픈 (ENHYPEN), Sacrifice (Eat Me Up)
2023, Belift Lab, 엔하이픈 (ENHYPEN), Chaconne
2023, Belift Lab, 엔하이픈 (ENHYPEN), Bills
2023, Belift Lab, 엔하이픈 (ENHYPEN), Karma
2023, Belift Lab, 엔하이픈 (ENHYPEN), ORANGE BLOOD
2023, Belift Lab, 엔하이픈 (ENHYPEN), Mortal
2023, Belift Lab, 엔하이픈 (ENHYPEN), Sweet Venom
2023, Belift Lab, 엔하이픈 (ENHYPEN), Still Monster
2023, Belift Lab, 엔하이픈 (ENHYPEN), Blind
2023, Belift Lab, 엔하이픈 (ENHYPEN), Orange Flower (You Complete Me)
2023, Belift Lab, 엔하이픈 (ENHYPEN), Sweet Venom (English Ver.)
2023, Belift Lab, 엔하이픈 (ENHYPEN), Sweet Venom (feat. Bella Poarch)
2023, Belift Lab, 엔하이픈 (ENHYPEN), Criminal Love (DARK MOON: THE BLOOD ALTAR OST)
2023, Belift Lab, 엔하이픈 (ENHYPEN), One and Only (Pokémon X ENHYPEN)
2023, Belift Lab, 엔하이픈 (ENHYPEN), Keep Swimmin’ Through (Baby Shark’s Big Movie OST)
2024, Belift Lab, 엔하이픈 (ENHYPEN), I NEED U (Spotify Singles)
2024, Belift Lab, 엔하이픈 (ENHYPEN), What Makes You Beautiful (The Seasons: Lee Hyori’s Red Carpet)
2024, Belift Lab, 엔하이픈 (ENHYPEN), Sweet Venom (Seeb Remix)
2024, Belift Lab, 엔하이픈 (ENHYPEN), Fatal Trouble (DARK MOON SPECIAL ALBUM MEMORABILIA)
2024, Belift Lab, 엔하이픈 (ENHYPEN), Teeth (DARK MOON SPECIAL ALBUM MEMORABILIA)
2024, Belift Lab, 엔하이픈 (ENHYPEN), Lucifer (DARK MOON SPECIAL ALBUM MEMORABILIA)
2024, Belift Lab, 엔하이픈 (ENHYPEN), Scream (DARK MOON SPECIAL ALBUM MEMORABILIA)
2012, Jellyfish Entertainment, 빅스 (VIXX), SUPER HERO
2012, Jellyfish Entertainment, 빅스 (VIXX), Rock Ur Body
2013, Jellyfish Entertainment, 빅스 (VIXX), On and On (다칠 준비가 돼 있어)
2013, Jellyfish Entertainment, 빅스 (VIXX), Hyde
2013, Jellyfish Entertainment, 빅스 (VIXX), G.R.8.U (대.다.나.다.너)
2013, Jellyfish Entertainment, 빅스 (VIXX), Jekyll
2013, Jellyfish Entertainment, 빅스 (VIXX), VOODOO (저주인형)
2014, Jellyfish Entertainment, 빅스 (VIXX), Eternity (기적)
2014, Jellyfish Entertainment, 빅스 (VIXX), Error
2014, Jellyfish Entertainment, 빅스 (VIXX), Thank You for My Love (사랑해 주셔서 감사합니다)
2014, Jellyfish Entertainment, 빅스 (VIXX), Eternity
2015, Jellyfish Entertainment, 빅스 (VIXX), Boys' Record
2015, Jellyfish Entertainment, 빅스 (VIXX), Love Equation (이별공식)
2015, Jellyfish Entertainment, 빅스 (VIXX), Chained Up
2015, Jellyfish Entertainment, 빅스 (VIXX), Can't Say (Japanese)
2016, Jellyfish Entertainment, 빅스 (VIXX), Depend On Me (Japanese)
2016, Jellyfish Entertainment, 빅스 (VIXX), Zelos
2016, Jellyfish Entertainment, 빅스 (VIXX), Hades
2016, Jellyfish Entertainment, 빅스 (VIXX), Kratos
2016, Jellyfish Entertainment, 빅스 (VIXX), Milky Way
2017, Jellyfish Entertainment, 빅스 (VIXX), Shangri-La (도원경)
2017, Jellyfish Entertainment, 빅스 (VIXX), Lalala: Thank you for your love (Japanese)
2018, Jellyfish Entertainment, 빅스 (VIXX), EAU DE VIXX
2018, Jellyfish Entertainment, 빅스 (VIXX), Reincarnation (Japanese)
2018, Jellyfish Entertainment, 빅스 (VIXX), Walking (Japanese)
2019, Jellyfish Entertainment, 빅스 (VIXX), Parallel
2023, Jellyfish Entertainment, 빅스 (VIXX), Gonna Be Alright
2023, Jellyfish Entertainment, 빅스 (VIXX), Amnesia
2023, Jellyfish Entertainment, 빅스 (VIXX), Gonna Be Alright
2023, Jellyfish Entertainment, 빅스 (VIXX), Amnesia
2018, Jellyfish Entertainment, 베리베리 (VERIVERY), Super Special (From Now Verivery Original Television Soundtrack)
2019, Jellyfish Entertainment, 베리베리 (VERIVERY), VERI-US
2019, Jellyfish Entertainment, 베리베리 (VERIVERY), Ring Ring Ring (불러줘)
2019, Jellyfish Entertainment, 베리베리 (VERIVERY), Flower
2019, Jellyfish Entertainment, 베리베리 (VERIVERY), F.I.L
2019, Jellyfish Entertainment, 베리베리 (VERIVERY), Alright!
2019, Jellyfish Entertainment, 베리베리 (VERIVERY), Super Special (Acoustic Ver.)
2019, Jellyfish Entertainment, 베리베리 (VERIVERY), VERI-ABLE
2019, Jellyfish Entertainment, 베리베리 (VERIVERY), From Now (딱 잘라서 말해)
2019, Jellyfish Entertainment, 베리베리 (VERIVERY), Love Line
2019, Jellyfish Entertainment, 베리베리 (VERIVERY), All I Do
2019, Jellyfish Entertainment, 베리베리 (VERIVERY), Get Ready
2019, Jellyfish Entertainment, 베리베리 (VERIVERY), Light Up
2019, Jellyfish Entertainment, 베리베리 (VERIVERY), VERI-CHILL
2019, Jellyfish Entertainment, 베리베리 (VERIVERY), Tag Tag Tag (태그 태그 태그)
2019, Jellyfish Entertainment, 베리베리 (VERIVERY), Mystery Light
2019, Jellyfish Entertainment, 베리베리 (VERIVERY), My Beauty (Extraordinary You OST)
2020, Jellyfish Entertainment, 베리베리 (VERIVERY), FACE ME
2020, Jellyfish Entertainment, 베리베리 (VERIVERY), Photo
2020, Jellyfish Entertainment, 베리베리 (VERIVERY), Lay Back
2020, Jellyfish Entertainment, 베리베리 (VERIVERY), Paradise
2020, Jellyfish Entertainment, 베리베리 (VERIVERY), Curtain Call
2020, Jellyfish Entertainment, 베리베리 (VERIVERY), Moment
2020, Jellyfish Entertainment, 베리베리 (VERIVERY), With Us (Itaewon Class OST)
2020, Jellyfish Entertainment, 베리베리 (VERIVERY), FACE YOU
2020, Jellyfish Entertainment, 베리베리 (VERIVERY), Thunder
2020, Jellyfish Entertainment, 베리베리 (VERIVERY), Connect
2020, Jellyfish Entertainment, 베리베리 (VERIVERY), SKYDIVE
2020, Jellyfish Entertainment, 베리베리 (VERIVERY), Beautiful-x
2020, Jellyfish Entertainment, 베리베리 (VERIVERY), Privacy
2020, Jellyfish Entertainment, 베리베리 (VERIVERY), FACE US
2020, Jellyfish Entertainment, 베리베리 (VERIVERY), G.B.T.B. (Go Beyond The Barrier)
2020, Jellyfish Entertainment, 베리베리 (VERIVERY), My Face
2020, Jellyfish Entertainment, 베리베리 (VERIVERY), Hold Me Tight
2020, Jellyfish Entertainment, 베리베리 (VERIVERY), Get Outta My Way
2020, Jellyfish Entertainment, 베리베리 (VERIVERY), So Gravity (소중력)
2021, Jellyfish Entertainment, 베리베리 (VERIVERY), SERIES ‘O’ [ROUND 1 : HALL]
2021, Jellyfish Entertainment, 베리베리 (VERIVERY), Get Away
2021, Jellyfish Entertainment, 베리베리 (VERIVERY), Numbness
2021, Jellyfish Entertainment, 베리베리 (VERIVERY), SERIES ‘O’ [ROUND 2 : HOLE]
2021, Jellyfish Entertainment, 베리베리 (VERIVERY), Trigger
2021, Jellyfish Entertainment, 베리베리 (VERIVERY), Underdog
2021, Jellyfish Entertainment, 베리베리 (VERIVERY), Prom
2021, Jellyfish Entertainment, 베리베리 (VERIVERY), Heart Attack
2022, Jellyfish Entertainment, 베리베리 (VERIVERY), SERIES ‘O’ [ROUND 0 : WHO]
2022, Jellyfish Entertainment, 베리베리 (VERIVERY), O
2022, Jellyfish Entertainment, 베리베리 (VERIVERY), Our Spring (잠깐, 봄)
2022, Jellyfish Entertainment, 베리베리 (VERIVERY), SERIES ‘O’ [ROUND 3 : WHOLE]
2022, Jellyfish Entertainment, 베리베리 (VERIVERY), Moment (틈)
2022, Jellyfish Entertainment, 베리베리 (VERIVERY), Undercover
2022, Jellyfish Entertainment, 베리베리 (VERIVERY), Coming Over
2022, Jellyfish Entertainment, 베리베리 (VERIVERY), Wish You Were Here
2022, Jellyfish Entertainment, 베리베리 (VERIVERY), Candle (모든 순간들의 널 축하해)
2022, Jellyfish Entertainment, 베리베리 (VERIVERY), Fallin’
2022, Jellyfish Entertainment, 베리베리 (VERIVERY), Childhood
2022, Jellyfish Entertainment, 베리베리 (VERIVERY), Emotion
2022, Jellyfish Entertainment, 베리베리 (VERIVERY), Velocity
2022, Jellyfish Entertainment, 베리베리 (VERIVERY), Fine
2022, Jellyfish Entertainment, 베리베리 (VERIVERY), Tap Tap
2023, Jellyfish Entertainment, 베리베리 (VERIVERY), Liminality – EP.DREAM
2023, Jellyfish Entertainment, 베리베리 (VERIVERY), Crazy Like That
2023, Jellyfish Entertainment, 베리베리 (VERIVERY), JUICY JUICY
2023, Jellyfish Entertainment, 베리베리 (VERIVERY), Raincoat
2023, Jellyfish Entertainment, 베리베리 (VERIVERY), Smile With You
2023, Jellyfish Entertainment, 이븐 (EVNNE), Target: ME
2023, Jellyfish Entertainment, 이븐 (EVNNE), TROUBLE
2023, Jellyfish Entertainment, 이븐 (EVNNE), Role Model
2023, Jellyfish Entertainment, 이븐 (EVNNE), Pretty Thing
2023, Jellyfish Entertainment, 이븐 (EVNNE), Your Text
2023, Jellyfish Entertainment, 이븐 (EVNNE), JUKEBOX
2023, Jellyfish Entertainment, 이븐 (EVNNE), Even More
2024, Jellyfish Entertainment, 이븐 (EVNNE), Un: SEEN
2024, Jellyfish Entertainment, 이븐 (EVNNE), UGLY
2024, Jellyfish Entertainment, 이븐 (EVNNE), SYRUP
2024, Jellyfish Entertainment, 이븐 (EVNNE), K.O. (Keep On)
2024, Jellyfish Entertainment, 이븐 (EVNNE), Chase
2024, Jellyfish Entertainment, 이븐 (EVNNE), Festa
2007, FNC Entertainment, FT아일랜드 (FTISLAND), Cheerful Sensibility
2007, FNC Entertainment, FT아일랜드 (FTISLAND), Love Sick (사랑앓이)
2007, FNC Entertainment, FT아일랜드 (FTISLAND), Thunder (천둥)
2007, FNC Entertainment, FT아일랜드 (FTISLAND), Only One Person (한사람만)
2008, FNC Entertainment, FT아일랜드 (FTISLAND), Prologue of FTISLAND -Soyogi- (Japanese)
2008, FNC Entertainment, FT아일랜드 (FTISLAND), Soyogi (소요기)
2008, FNC Entertainment, FT아일랜드 (FTISLAND), Friendship (우정)
2008, FNC Entertainment, FT아일랜드 (FTISLAND), A Song For You (너를 위한 노래)
2008, FNC Entertainment, FT아일랜드 (FTISLAND), Heaven (천국)
2008, FNC Entertainment, FT아일랜드 (FTISLAND), FTISLAND 2nd Album -Colorful Sensibility-
2008, FNC Entertainment, FT아일랜드 (FTISLAND), After Love (사랑후애)
2008, FNC Entertainment, FT아일랜드 (FTISLAND), I Hope (바래)
2009, FNC Entertainment, FT아일랜드 (FTISLAND), Jump Up
2009, FNC Entertainment, FT아일랜드 (FTISLAND), Bad Woman (나쁜 여자야)
2009, FNC Entertainment, FT아일랜드 (FTISLAND), Missing You (보고싶어)
2009, FNC Entertainment, FT아일랜드 (FTISLAND), Double Date
2009, FNC Entertainment, FT아일랜드 (FTISLAND), I Believe Myself (Japanese)
2009, FNC Entertainment, FT아일랜드 (FTISLAND), Raining (Japanese)
2010, FNC Entertainment, FT아일랜드 (FTISLAND), Flower Rock (Japanese)
2010, FNC Entertainment, FT아일랜드 (FTISLAND), Brand-new Days (Japanese)
2010, FNC Entertainment, FT아일랜드 (FTISLAND), So Today... (Japanese)
2010, FNC Entertainment, FT아일랜드 (FTISLAND), Beautiful Journey
2010, FNC Entertainment, FT아일랜드 (FTISLAND), Love Love Love (러브 러브 러브)
2011, FNC Entertainment, FT아일랜드 (FTISLAND), Satisfaction (Japanese)
2011, FNC Entertainment, FT아일랜드 (FTISLAND), Let It Go! (Japanese)
2011, FNC Entertainment, FT아일랜드 (FTISLAND), Distance (Japanese)
2011, FNC Entertainment, FT아일랜드 (FTISLAND), Return
2011, FNC Entertainment, FT아일랜드 (FTISLAND), Hello Hello
2012, FNC Entertainment, FT아일랜드 (FTISLAND), Grown-Up
2012, FNC Entertainment, FT아일랜드 (FTISLAND), Severely (지독하게)
2012, FNC Entertainment, FT아일랜드 (FTISLAND), TOP SECRET (Japanese)
2012, FNC Entertainment, FT아일랜드 (FTISLAND), Neverland (Japanese)
2012, FNC Entertainment, FT아일랜드 (FTISLAND), Polar Star (Japanese)
2012, FNC Entertainment, FT아일랜드 (FTISLAND), 20 [Twenty] (Japanese)
2013, FNC Entertainment, FT아일랜드 (FTISLAND), You Are My Life (Japanese)
2013, FNC Entertainment, FT아일랜드 (FTISLAND), Rated-FT
2013, FNC Entertainment, FT아일랜드 (FTISLAND), Memory (메모리)
2014, FNC Entertainment, FT아일랜드 (FTISLAND), New Page (Japanese)
2014, FNC Entertainment, FT아일랜드 (FTISLAND), To The Light (Japanese)
2015, FNC Entertainment, FT아일랜드 (FTISLAND), I Will
2015, FNC Entertainment, FT아일랜드 (FTISLAND), Pray (기도)
2015, FNC Entertainment, FT아일랜드 (FTISLAND), Puppy (Japanese)
2015, FNC Entertainment, FT아일랜드 (FTISLAND), 5.....GO (Japanese)
2016, FNC Entertainment, FT아일랜드 (FTISLAND), N.W.U (Japanese)
2016, FNC Entertainment, FT아일랜드 (FTISLAND), Where's The Truth?
2016, FNC Entertainment, FT아일랜드 (FTISLAND), Take Me Now
2017, FNC Entertainment, FT아일랜드 (FTISLAND), United Shadows (Japanese)
2017, FNC Entertainment, FT아일랜드 (FTISLAND), Over 10 Years
2017, FNC Entertainment, FT아일랜드 (FTISLAND), Wind
2017, FNC Entertainment, FT아일랜드 (FTISLAND), Paradise (Japanese)
2018, FNC Entertainment, FT아일랜드 (FTISLAND), PLANET BONDS (Japanese)
2018, FNC Entertainment, FT아일랜드 (FTISLAND), Summer Night's Dream
2018, FNC Entertainment, FT아일랜드 (FTISLAND), Pretty Girl (Japanese)
2019, FNC Entertainment, FT아일랜드 (FTISLAND), ZAPPING
2019, FNC Entertainment, FT아일랜드 (FTISLAND), Quit (관둬)
2019, FNC Entertainment, FT아일랜드 (FTISLAND), F-Vibes
2021, FNC Entertainment, FT아일랜드 (FTISLAND), LOCK UP
2021, FNC Entertainment, FT아일랜드 (FTISLAND), Unthinkable (말도 안돼)
2023, FNC Entertainment, FT아일랜드 (FTISLAND), Sage
2023, FNC Entertainment, FT아일랜드 (FTISLAND), Sage (Japanese)
2023, FNC Entertainment, FT아일랜드 (FTISLAND), Marry Me
2009, AI Entertainment, CNBLUE (씨엔블루), Now or Never
2009, AI Entertainment, CNBLUE (씨엔블루), Voice
2010, FNC Entertainment, CNBLUE (씨엔블루), 외톨이야 (I'm a Loner)
2010, FNC Entertainment, CNBLUE (씨엔블루), 사랑 빛 (Love Light)
2010, FNC Entertainment, CNBLUE (씨엔블루), 블루토리 (Bluetory)
2010, FNC Entertainment, CNBLUE (씨엔블루), 블루러브 (Bluelove)
2010, Warner Music Japan, CNBLUE (씨엔블루), The Way
2010, Warner Music Japan, CNBLUE (씨엔블루), I Don't Know Why
2011, FNC Entertainment, CNBLUE (씨엔블루), 직감 (Intuition)
2011, FNC Entertainment, CNBLUE (씨엔블루), 사랑은 비를 타고 (Love Rides the Rain)
2011, FNC Entertainment, CNBLUE (씨엔블루), 그럴 겁니다... 잊을 겁니다... (Love Comes With the Rain)
2011, Warner Music Japan, CNBLUE (씨엔블루), In My Head
2012, FNC Entertainment, CNBLUE (씨엔블루), Hey You
2012, FNC Entertainment, CNBLUE (씨엔블루), 사랑은 (Still in Love)
2012, Warner Music Japan, CNBLUE (씨엔블루), Where You Are
2012, Warner Music Japan, CNBLUE (씨엔블루), Come On
2013, FNC Entertainment, CNBLUE (씨엔블루), I'm Sorry
2013, FNC Entertainment, CNBLUE (씨엔블루), Coffee Shop
2013, Warner Music Japan, CNBLUE (씨엔블루), Blind Love
2013, Warner Music Japan, CNBLUE (씨엔블루), Lady
2013, Warner Music Japan, CNBLUE (씨엔블루), What Turns You On?
2014, FNC Entertainment, CNBLUE (씨엔블루), Can't Stop
2014, Warner Music Japan, CNBLUE (씨엔블루), Truth
2014, Warner Music Japan, CNBLUE (씨엔블루), Go Your Way
2014, Warner Music Japan, CNBLUE (씨엔블루), Wave
2015, FNC Entertainment, CNBLUE (씨엔블루), 신데렐라 (Cinderella)
2015, Warner Music Japan, CNBLUE (씨엔블루), White
2015, Warner Music Japan, CNBLUE (씨엔블루), Colors
2016, FNC Entertainment, CNBLUE (씨엔블루), 이렇게 예뻤나 (You're So Fine)
2016, Warner Music Japan, CNBLUE (씨엔블루), Puzzle
2016, Warner Music Japan, CNBLUE (씨엔블루), Euphoria
2017, FNC Entertainment, CNBLUE (씨엔블루), 헷갈리게 (Between Us)
2017, Warner Music Japan, CNBLUE (씨엔블루), Shake
2017, Warner Music Japan, CNBLUE (씨엔블루), Stay Gold
2018, Warner Music Japan, CNBLUE (씨엔블루), Starting Over
2020, FNC Entertainment, CNBLUE (씨엔블루), 과거 현재 미래 (Then, Now and Forever)
2021, FNC Entertainment, CNBLUE (씨엔블루), 싹둑 (Love Cut)
2012, FNC Entertainment, AOA (에이오에이), Angels' Story
2012, FNC Entertainment, AOA (에이오에이), ELVIS
2012, FNC Entertainment, AOA (에이오에이), Love is Only You
2012, FNC Entertainment, AOA (에이오에이), Temptation
2012, FNC Entertainment, AOA (에이오에이), ELVIS (Band Ver.)
2012, FNC Entertainment, AOA (에이오에이), Wanna Be
2012, FNC Entertainment, AOA (에이오에이), Get Out
2012, FNC Entertainment, AOA (에이오에이), Happy Ending
2012, FNC Entertainment, AOA (에이오에이), My Song
2013, FNC Entertainment, AOA (에이오에이), Moya
2013, FNC Entertainment, AOA (에이오에이), Without You
2013, FNC Entertainment, AOA (에이오에이), Moya (Inst.)
2013, FNC Entertainment, AOA (에이오에이), Without You (Inst.)
2013, FNC Entertainment, AOA (에이오에이), Red Motion
2013, FNC Entertainment, AOA (에이오에이), Confused
2013, FNC Entertainment, AOA (에이오에이), We Belong Together
2014, FNC Entertainment, AOA (에이오에이), Miniskirt
2014, FNC Entertainment, AOA (에이오에이), Gonna Get Your Heart
2014, FNC Entertainment, AOA (에이오에이), Under the Street Light
2014, FNC Entertainment, AOA (에이오에이), Miniskirt (Inst.)
2014, FNC Entertainment, AOA (에이오에이), Short Hair
2014, FNC Entertainment, AOA (에이오에이), Fantasy
2014, FNC Entertainment, AOA (에이오에이), I Like It!
2014, FNC Entertainment, AOA (에이오에이), Soulmate
2014, FNC Entertainment, AOA (에이오에이), You Know That
2014, FNC Entertainment, AOA (에이오에이), Short Hair (Inst.)
2014, FNC Entertainment, AOA (에이오에이), I Like It! (Inst.)
2014, Warner Music Japan, AOA (에이오에이), Miniskirt (Japanese Ver.)
2015, FNC Entertainment, AOA (에이오에이), Like a Cat
2015, FNC Entertainment, AOA (에이오에이), AOA
2015, FNC Entertainment, AOA (에이오에이), Girl’s Heart
2015, FNC Entertainment, AOA (에이오에이), Just The Two of Us
2015, FNC Entertainment, AOA (에이오에이), Time
2015, FNC Entertainment, AOA (에이오에이), Tears Falling
2015, FNC Entertainment, AOA (에이오에이), Heart Attack (심쿵해)
2015, FNC Entertainment, AOA (에이오에이), Luv Me
2015, FNC Entertainment, AOA (에이오에이), Come To Me
2015, FNC Entertainment, AOA (에이오에이), One Thing
2015, FNC Entertainment, AOA (에이오에이), Really Really
2015, FNC Entertainment, AOA (에이오에이), Chocolate
2016, FNC Entertainment, AOA (에이오에이), Good Luck
2016, FNC Entertainment, AOA (에이오에이), 10 Seconds
2016, FNC Entertainment, AOA (에이오에이), Cherry Pop
2016, FNC Entertainment, AOA (에이오에이), Crazy Boy
2016, FNC Entertainment, AOA (에이오에이), Still Falls The Rain
2017, FNC Entertainment, AOA (에이오에이), ANGEL’S KNOCK
2017, FNC Entertainment, AOA (에이오에이), Excuse Me
2017, FNC Entertainment, AOA (에이오에이), Bing Bing (빙빙)
2017, FNC Entertainment, AOA (에이오에이), Three Out
2017, FNC Entertainment, AOA (에이오에이), Feeling
2017, FNC Entertainment, AOA (에이오에이), Can’t Sleep
2017, FNC Entertainment, AOA (에이오에이), Lily (feat. ROWOON of SF9)
2017, FNC Entertainment, AOA (에이오에이), Melting Love
2017, FNC Entertainment, AOA (에이오에이), Help Me
2017, FNC Entertainment, AOA (에이오에이), Oh Boy
2017, FNC Entertainment, AOA (에이오에이), With ELVIS
2018, FNC Entertainment, AOA (에이오에이), BINGLE BANGLE
2018, FNC Entertainment, AOA (에이오에이), Bingle Bangle
2018, FNC Entertainment, AOA (에이오에이), Super Duper
2018, FNC Entertainment, AOA (에이오에이), HEAT
2018, FNC Entertainment, AOA (에이오에이), Ladi Dadi
2018, FNC Entertainment, AOA (에이오에이), Parfait
2018, FNC Entertainment, AOA (에이오에이), DoDoDo
2019, FNC Entertainment, AOA (에이오에이), NEW MOON
2019, FNC Entertainment, AOA (에이오에이), Come See Me (날 보러 와요)
2019, FNC Entertainment, AOA (에이오에이), Sorry
2019, FNC Entertainment, AOA (에이오에이), Magic Spell
2019, FNC Entertainment, AOA (에이오에이), Ninety Nine
2019, FNC Entertainment, AOA (에이오에이), My Way
2019, FNC Entertainment, AOA (에이오에이), Egotistic (너 나해) (Queendom Ver.)
2013, AI Entertainment, N.Flying (엔플라잉), Basket
2013, AI Entertainment, N.Flying (엔플라잉), Bitter Sweet
2013, AI Entertainment, N.Flying (엔플라잉), Kiss Me, Miss Me
2014, AI Entertainment, N.Flying (엔플라잉), One and Only
2014, AI Entertainment, N.Flying (엔플라잉), Reason
2014, AI Entertainment, N.Flying (엔플라잉), Oh Yeah
2015, FNC Entertainment, N.Flying (엔플라잉), Awesome
2015, FNC Entertainment, N.Flying (엔플라잉), One N Only
2015, FNC Entertainment, N.Flying (엔플라잉), 기가 막혀 (Awesome)
2015, FNC Entertainment, N.Flying (엔플라잉), 가슴이 놀래 (Heartbreak)
2015, FNC Entertainment, N.Flying (엔플라잉), All In
2015, FNC Entertainment, N.Flying (엔플라잉), 1분 (Minute)
2015, FNC Entertainment, N.Flying (엔플라잉), Lonely
2015, FNC Entertainment, N.Flying (엔플라잉), Knock Knock
2016, AI Entertainment, N.Flying (엔플라잉), Knock Knock (Japanese Ver.)
2016, AI Entertainment, N.Flying (엔플라잉), 기가 막혀 (Japanese Ver.)
2016, AI Entertainment, N.Flying (엔플라잉), All in (Japanese Ver.)
2016, AI Entertainment, N.Flying (엔플라잉), Endless Summer
2016, AI Entertainment, N.Flying (엔플라잉), Hello Solo
2016, AI Entertainment, N.Flying (엔플라잉), Lonely (Japanese Ver.)
2017, FNC Entertainment, N.Flying (엔플라잉), The Real: N.Flying
2017, FNC Entertainment, N.Flying (엔플라잉), Let’s Get Down to It
2017, FNC Entertainment, N.Flying (엔플라잉), 진짜가 나타났다 (The Real)
2017, FNC Entertainment, N.Flying (엔플라잉), 다행이야 (I’m Okay)
2017, FNC Entertainment, N.Flying (엔플라잉), 정리가 안돼 (Don’t Mess with Me)
2017, FNC Entertainment, N.Flying (엔플라잉), 짠해 (Say Goodbye)
2017, FNC Entertainment, N.Flying (엔플라잉), R U Ready?
2017, FNC Entertainment, N.Flying (엔플라잉), The Hottest: N.Flying
2017, FNC Entertainment, N.Flying (엔플라잉), 그러니까 우리 (Don’t Forget This)
2017, FNC Entertainment, N.Flying (엔플라잉), 뜨거운 감자 (Hot Potato)
2017, FNC Entertainment, N.Flying (엔플라잉), 골목길에서 (Crossroad)
2017, FNC Entertainment, N.Flying (엔플라잉), I Know U Know
2017, FNC Entertainment, N.Flying (엔플라잉), 이보다 좋을까 (Can’t Be Better)
2017, FNC Entertainment, N.Flying (엔플라잉), 딱 하루만 (Just One Day)
2018, FNC Entertainment, N.Flying (엔플라잉), How Are You?
2018, FNC Entertainment, N.Flying (엔플라잉), How R U Today?
2018, FNC Entertainment, N.Flying (엔플라잉), Up All Night
2018, FNC Entertainment, N.Flying (엔플라잉), 팔불출 (Lovefool)
2018, FNC Entertainment, N.Flying (엔플라잉), Anyway
2018, FNC Entertainment, N.Flying (엔플라잉), 너 없는 난 (Fall With You)
2018, FNC Entertainment, N.Flying (엔플라잉), Like A Flower
2018, FNC Entertainment, N.Flying (엔플라잉), 꽃 (Like A Flower) (Inst.)
2019, FNC Entertainment, N.Flying (엔플라잉), Fly High Project 2 ‘Rooftop’
2019, FNC Entertainment, N.Flying (엔플라잉), 옥탑방 (Rooftop)
2019, FNC Entertainment, N.Flying (엔플라잉), Winter Winter
2019, FNC Entertainment, N.Flying (엔플라잉), Spring Memories
2019, FNC Entertainment, N.Flying (엔플라잉), Preview
2019, FNC Entertainment, N.Flying (엔플라잉), Pardon? (ㅈㅅ)
2019, FNC Entertainment, N.Flying (엔플라잉), Yaho
2019, FNC Entertainment, N.Flying (엔플라잉), Like a Flower
2020, FNC Entertainment, N.Flying (엔플라잉), Oh Really.
2020, FNC Entertainment, N.Flying (엔플라잉), So, Communication
2020, FNC Entertainment, N.Flying (엔플라잉), Amnesia
2020, FNC Entertainment, N.Flying (엔플라잉), Run To You
2021, FNC Entertainment, N.Flying (엔플라잉), Dearest
2021, FNC Entertainment, N.Flying (엔플라잉), Shooting Star
2022, FNC Entertainment, N.Flying (엔플라잉), Monster
2022, FNC Entertainment, N.Flying (엔플라잉), Our Country, Ordinary House, Ordinary Me
2022, FNC Entertainment, N.Flying (엔플라잉), Reason
2022, FNC Entertainment, N.Flying (엔플라잉), Red Light
2022, FNC Entertainment, N.Flying (엔플라잉), Rockstar
2022, FNC Entertainment, N.Flying (엔플라잉), Sing Along
2016, FNC Entertainment, SF9 (에스에프나인), Feeling Sensation
2016, FNC Entertainment, SF9 (에스에프나인), Fanfare (팡파레)
2016, FNC Entertainment, SF9 (에스에프나인), K.O
2016, FNC Entertainment, SF9 (에스에프나인), Together
2016, FNC Entertainment, SF9 (에스에프나인), So Beautiful (너와 함께라면)
2017, FNC Entertainment, SF9 (에스에프나인), Burning Sensation
2017, FNC Entertainment, SF9 (에스에프나인), Tell Me What It Is
2017, FNC Entertainment, SF9 (에스에프나인), Roar (부르릉)
2017, FNC Entertainment, SF9 (에스에프나인), Still My Lady
2017, FNC Entertainment, SF9 (에스에프나인), Shut Up N’ Lemme Go
2017, FNC Entertainment, SF9 (에스에프나인), 4 Step
2017, FNC Entertainment, SF9 (에스에프나인), Jungle Game
2017, FNC Entertainment, SF9 (에스에프나인), Easy Love (쉽다)
2017, FNC Entertainment, SF9 (에스에프나인), Watch Out
2017, FNC Entertainment, SF9 (에스에프나인), Hide and Seek
2017, FNC Entertainment, SF9 (에스에프나인), Fall Down
2017, FNC Entertainment, SF9 (에스에프나인), Why
2017, FNC Entertainment, SF9 (에스에프나인), Knights of the Sun
2017, FNC Entertainment, SF9 (에스에프나인), 00:00
2017, FNC Entertainment, SF9 (에스에프나인), O Sole Mio (오솔레미오)
2017, FNC Entertainment, SF9 (에스에프나인), Let’s Hang Out
2017, FNC Entertainment, SF9 (에스에프나인), Blank
2017, FNC Entertainment, SF9 (에스에프나인), Scold
2017, FNC Entertainment, SF9 (에스에프나인), Just On My Way
2018, FNC Entertainment, SF9 (에스에프나인), Mamma Mia!
2018, FNC Entertainment, SF9 (에스에프나인), Mamma Mia
2018, FNC Entertainment, SF9 (에스에프나인), Never Say Goodbye
2018, FNC Entertainment, SF9 (에스에프나인), Go Back in Time
2018, FNC Entertainment, SF9 (에스에프나인), Be My Baby
2018, FNC Entertainment, SF9 (에스에프나인), Midnight Road
2018, FNC Entertainment, SF9 (에스에프나인), Sensuous
2018, FNC Entertainment, SF9 (에스에프나인), Now or Never (질렀어)
2018, FNC Entertainment, SF9 (에스에프나인), Different (달라)
2018, FNC Entertainment, SF9 (에스에프나인), Unlimited
2018, FNC Entertainment, SF9 (에스에프나인), Photograph
2018, FNC Entertainment, SF9 (에스에프나인), Shadow
2019, FNC Entertainment, SF9 (에스에프나인), Narcissus
2019, FNC Entertainment, SF9 (에스에프나인), Enough (예뻐지지 마)
2019, FNC Entertainment, SF9 (에스에프나인), Play Hard (화끈하게)
2019, FNC Entertainment, SF9 (에스에프나인), Heartbeat (하필)
2019, FNC Entertainment, SF9 (에스에프나인), Life Is So Beautiful
2019, FNC Entertainment, SF9 (에스에프나인), Fall in Love
2019, FNC Entertainment, SF9 (에스에프나인), The Beat Goes On (무중력)
2019, FNC Entertainment, SF9 (에스에프나인), RPM
2019, FNC Entertainment, SF9 (에스에프나인), Round and Round (돌고 돌아)
2019, FNC Entertainment, SF9 (에스에프나인), Dreamer
2019, FNC Entertainment, SF9 (에스에프나인), Liar
2019, FNC Entertainment, SF9 (에스에프나인), See U Tomorrow
2019, FNC Entertainment, SF9 (에스에프나인), Echo
2020, FNC Entertainment, SF9 (에스에프나인), First Collection
2020, FNC Entertainment, SF9 (에스에프나인), Good Guy
2020, FNC Entertainment, SF9 (에스에프나인), Am I The Only One
2020, FNC Entertainment, SF9 (에스에프나인), Shh
2020, FNC Entertainment, SF9 (에스에프나인), Lullu Lalla
2020, FNC Entertainment, SF9 (에스에프나인), One Love
2020, FNC Entertainment, SF9 (에스에프나인), Like The Hands Held Tight
2020, FNC Entertainment, SF9 (에스에프나인), Fire
2020, FNC Entertainment, SF9 (에스에프나인), Stop It Now
2020, FNC Entertainment, SF9 (에스에프나인), Dance With Us
2020, FNC Entertainment, SF9 (에스에프나인), Beautiful Light
2020, FNC Entertainment, SF9 (에스에프나인), Shine Together (손잡아 줄게)
2020, FNC Entertainment, SF9 (에스에프나인), 9loryUS
2020, FNC Entertainment, SF9 (에스에프나인), Summer Breeze (여름 향기가 날 춤추게 해)
2020, FNC Entertainment, SF9 (에스에프나인), Into The Night (별을 따라)
2020, FNC Entertainment, SF9 (에스에프나인), OK Sign
2020, FNC Entertainment, SF9 (에스에프나인), All Day All Night (비켜)
2020, FNC Entertainment, SF9 (에스에프나인), Go High (미친 것처럼)
2020, FNC Entertainment, SF9 (에스에프나인), My Story, My Song
2021, FNC Entertainment, SF9 (에스에프나인), Turn Over
2021, FNC Entertainment, SF9 (에스에프나인), Tear Drop
2021, FNC Entertainment, SF9 (에스에프나인), Believer (숨)
2021, FNC Entertainment, SF9 (에스에프나인), Love Again (한 번 더 사랑하자)
2021, FNC Entertainment, SF9 (에스에프나인), Off My Mind (하자 하자 이별 좀)
2021, FNC Entertainment, SF9 (에스에프나인), Fanatic (방방 뛰어)
2021, FNC Entertainment, SF9 (에스에프나인), Hey Hi Bye
2021, FNC Entertainment, SF9 (에스에프나인), Rumination
2021, FNC Entertainment, SF9 (에스에프나인), Trauma
2021, FNC Entertainment, SF9 (에스에프나인), Memory
2021, FNC Entertainment, SF9 (에스에프나인), Dreams
2021, FNC Entertainment, SF9 (에스에프나인), Gentleman
2021, FNC Entertainment, SF9 (에스에프나인), On and On (잠시) (Youngbin, Inseong)
2021, FNC Entertainment, SF9 (에스에프나인), Scenario
2021, FNC Entertainment, SF9 (에스에프나인), For Fantasy (오늘이라서)
2022, FNC Entertainment, SF9 (에스에프나인), The Wave OF9
2022, FNC Entertainment, SF9 (에스에프나인), Scream
2022, FNC Entertainment, SF9 (에스에프나인), OK OK
2022, FNC Entertainment, SF9 (에스에프나인), Summertime Bounce (Don't Kill My Vibe)
2022, FNC Entertainment, SF9 (에스에프나인), Driver
2022, FNC Entertainment, SF9 (에스에프나인), Crazy Crazy Love
2022, FNC Entertainment, SF9 (에스에프나인), Butterfly
2023, FNC Entertainment, SF9 (에스에프나인), The Piece OF9
2023, FNC Entertainment, SF9 (에스에프나인), Puzzle
2023, FNC Entertainment, SF9 (에스에프나인), Love Colour
2016, FNC Entertainment, SF9 (에스에프나인), Feeling Sensation
2016, FNC Entertainment, SF9 (에스에프나인), Fanfare (팡파레)
2016, FNC Entertainment, SF9 (에스에프나인), K.O
2016, FNC Entertainment, SF9 (에스에프나인), Together
2016, FNC Entertainment, SF9 (에스에프나인), So Beautiful (너와 함께라면)
2017, FNC Entertainment, SF9 (에스에프나인), Burning Sensation
2017, FNC Entertainment, SF9 (에스에프나인), Tell Me What It Is
2017, FNC Entertainment, SF9 (에스에프나인), Roar (부르릉)
2017, FNC Entertainment, SF9 (에스에프나인), Still My Lady
2017, FNC Entertainment, SF9 (에스에프나인), Shut Up N’ Lemme Go
2017, FNC Entertainment, SF9 (에스에프나인), 4 Step
2017, FNC Entertainment, SF9 (에스에프나인), Jungle Game
2017, FNC Entertainment, SF9 (에스에프나인), Easy Love (쉽다)
2017, FNC Entertainment, SF9 (에스에프나인), Watch Out
2017, FNC Entertainment, SF9 (에스에프나인), Hide and Seek
2017, FNC Entertainment, SF9 (에스에프나인), Fall Down
2017, FNC Entertainment, SF9 (에스에프나인), Why
2017, FNC Entertainment, SF9 (에스에프나인), Knights of the Sun
2017, FNC Entertainment, SF9 (에스에프나인), 00:00
2017, FNC Entertainment, SF9 (에스에프나인), O Sole Mio (오솔레미오)
2017, FNC Entertainment, SF9 (에스에프나인), Let’s Hang Out
2017, FNC Entertainment, SF9 (에스에프나인), Blank
2017, FNC Entertainment, SF9 (에스에프나인), Scold
2017, FNC Entertainment, SF9 (에스에프나인), Just On My Way
2018, FNC Entertainment, SF9 (에스에프나인), Mamma Mia!
2018, FNC Entertainment, SF9 (에스에프나인), Mamma Mia
2018, FNC Entertainment, SF9 (에스에프나인), Never Say Goodbye
2018, FNC Entertainment, SF9 (에스에프나인), Go Back in Time
2018, FNC Entertainment, SF9 (에스에프나인), Be My Baby
2018, FNC Entertainment, SF9 (에스에프나인), Midnight Road
2018, FNC Entertainment, SF9 (에스에프나인), Sensuous
2018, FNC Entertainment, SF9 (에스에프나인), Now or Never (질렀어)
2018, FNC Entertainment, SF9 (에스에프나인), Different (달라)
2018, FNC Entertainment, SF9 (에스에프나인), Unlimited
2018, FNC Entertainment, SF9 (에스에프나인), Photograph
2018, FNC Entertainment, SF9 (에스에프나인), Shadow
2019, FNC Entertainment, SF9 (에스에프나인), Narcissus
2019, FNC Entertainment, SF9 (에스에프나인), Enough (예뻐지지 마)
2019, FNC Entertainment, SF9 (에스에프나인), Play Hard (화끈하게)
2019, FNC Entertainment, SF9 (에스에프나인), Heartbeat (하필)
2019, FNC Entertainment, SF9 (에스에프나인), Life Is So Beautiful
2019, FNC Entertainment, SF9 (에스에프나인), Fall in Love
2019, FNC Entertainment, SF9 (에스에프나인), The Beat Goes On (무중력)
2019, FNC Entertainment, SF9 (에스에프나인), RPM
2019, FNC Entertainment, SF9 (에스에프나인), Round and Round (돌고 돌아)
2019, FNC Entertainment, SF9 (에스에프나인), Dreamer
2019, FNC Entertainment, SF9 (에스에프나인), Liar
2019, FNC Entertainment, SF9 (에스에프나인), See U Tomorrow
2019, FNC Entertainment, SF9 (에스에프나인), Echo
2020, FNC Entertainment, SF9 (에스에프나인), First Collection
2020, FNC Entertainment, SF9 (에스에프나인), Good Guy
2020, FNC Entertainment, SF9 (에스에프나인), Am I The Only One
2020, FNC Entertainment, SF9 (에스에프나인), Shh
2020, FNC Entertainment, SF9 (에스에프나인), Lullu Lalla
2020, FNC Entertainment, SF9 (에스에프나인), One Love
2020, FNC Entertainment, SF9 (에스에프나인), Like The Hands Held Tight
2020, FNC Entertainment, SF9 (에스에프나인), Fire
2020, FNC Entertainment, SF9 (에스에프나인), Stop It Now
2020, FNC Entertainment, SF9 (에스에프나인), Dance With Us
2020, FNC Entertainment, SF9 (에스에프나인), Beautiful Light
2020, FNC Entertainment, SF9 (에스에프나인), Shine Together (손잡아 줄게)
2020, FNC Entertainment, SF9 (에스에프나인), 9loryUS
2020, FNC Entertainment, SF9 (에스에프나인), Summer Breeze (여름 향기가 날 춤추게 해)
2020, FNC Entertainment, SF9 (에스에프나인), Into The Night (별을 따라)
2020, FNC Entertainment, SF9 (에스에프나인), OK Sign
2020, FNC Entertainment, SF9 (에스에프나인), All Day All Night (비켜)
2020, FNC Entertainment, SF9 (에스에프나인), Go High (미친 것처럼)
2020, FNC Entertainment, SF9 (에스에프나인), My Story, My Song
2021, FNC Entertainment, SF9 (에스에프나인), Turn Over
2021, FNC Entertainment, SF9 (에스에프나인), Tear Drop
2021, FNC Entertainment, SF9 (에스에프나인), Believer (숨)
2021, FNC Entertainment, SF9 (에스에프나인), Love Again (한 번 더 사랑하자)
2021, FNC Entertainment, SF9 (에스에프나인), Off My Mind (하자 하자 이별 좀)
2021, FNC Entertainment, SF9 (에스에프나인), Fanatic (방방 뛰어)
2021, FNC Entertainment, SF9 (에스에프나인), Hey Hi Bye
2021, FNC Entertainment, SF9 (에스에프나인), Rumination
2021, FNC Entertainment, SF9 (에스에프나인), Trauma
2021, FNC Entertainment, SF9 (에스에프나인), Memory
2021, FNC Entertainment, SF9 (에스에프나인), Dreams
2021, FNC Entertainment, SF9 (에스에프나인), Gentleman
2021, FNC Entertainment, SF9 (에스에프나인), On and On (잠시) (Youngbin, Inseong)
2021, FNC Entertainment, SF9 (에스에프나인), Scenario
2021, FNC Entertainment, SF9 (에스에프나인), For Fantasy (오늘이라서)
2022, FNC Entertainment, SF9 (에스에프나인), The Wave OF9
2022, FNC Entertainment, SF9 (에스에프나인), Scream
2022, FNC Entertainment, SF9 (에스에프나인), OK OK
2022, FNC Entertainment, SF9 (에스에프나인), Summertime Bounce (Don't Kill My Vibe)
2022, FNC Entertainment, SF9 (에스에프나인), Driver
2022, FNC Entertainment, SF9 (에스에프나인), Crazy Crazy Love
2022, FNC Entertainment, SF9 (에스에프나인), Butterfly
2023, FNC Entertainment, SF9 (에스에프나인), The Piece OF9
2023, FNC Entertainment, SF9 (에스에프나인), Puzzle
2023, FNC Entertainment, SF9 (에스에프나인), Love Colour
2020, FNC Entertainment, P1Harmony (피원하모니), Disharmony: Stand Out
2020, FNC Entertainment, P1Harmony (피원하모니), Intro; Breakthrough
2020, FNC Entertainment, P1Harmony (피원하모니), SIREN
2020, FNC Entertainment, P1Harmony (피원하모니), Nemonade
2020, FNC Entertainment, P1Harmony (피원하모니), That’s It
2020, FNC Entertainment, P1Harmony (피원하모니), Butterfly
2020, FNC Entertainment, P1Harmony (피원하모니), Skit; Disharmony #1
2020, FNC Entertainment, P1Harmony (피원하모니), 틀: BREAKTHROUGH
2021, FNC Entertainment, P1Harmony (피원하모니), Disharmony: Break Out
2021, FNC Entertainment, P1Harmony (피원하모니), Scared (겁나니)
2021, FNC Entertainment, P1Harmony (피원하모니), Reset
2021, FNC Entertainment, P1Harmony (피원하모니), Pyramid
2021, FNC Entertainment, P1Harmony (피원하모니), AYAYA
2021, FNC Entertainment, P1Harmony (피원하모니), End It (끝장내)
2021, FNC Entertainment, P1Harmony (피원하모니), If You Call Me
2022, FNC Entertainment, P1Harmony (피원하모니), Disharmony: Find Out
2022, FNC Entertainment, P1Harmony (피원하모니), Do It Like This
2022, FNC Entertainment, P1Harmony (피원하모니), That’$ Money
2022, FNC Entertainment, P1Harmony (피원하모니), Follow Me
2022, FNC Entertainment, P1Harmony (피원하모니), Bop
2022, FNC Entertainment, P1Harmony (피원하모니), Before The Dawn
2022, FNC Entertainment, P1Harmony (피원하모니), Peacemaker
2022, FNC Entertainment, P1Harmony (피원하모니), Do It Like This (English Version)
2022, FNC Entertainment, P1Harmony (피원하모니), Harmony: Zero In
2022, FNC Entertainment, P1Harmony (피원하모니), Doom Du Doom (둠두둠)
2022, FNC Entertainment, P1Harmony (피원하모니), Black Hole
2022, FNC Entertainment, P1Harmony (피원하모니), Yes Man
2022, FNC Entertainment, P1Harmony (피원하모니), Swagger
2022, FNC Entertainment, P1Harmony (피원하모니), Mirror Mirror
2022, FNC Entertainment, P1Harmony (피원하모니), Different Song For Me
2022, FNC Entertainment, P1Harmony (피원하모니), Harmony: Set In
2022, FNC Entertainment, P1Harmony (피원하모니), Back Down
2022, FNC Entertainment, P1Harmony (피원하모니), BFF (Best Friends Forever)
2022, FNC Entertainment, P1Harmony (피원하모니), Secret Sauce
2022, FNC Entertainment, P1Harmony (피원하모니), One And Only
2022, FNC Entertainment, P1Harmony (피원하모니), Look At Me Now (태양을 삼킨 아이)
2022, FNC Entertainment, P1Harmony (피원하모니), Better Together
2023, FNC Entertainment, P1Harmony (피원하모니), Harmony: All In
2023, FNC Entertainment, P1Harmony (피원하모니), JUMP
2023, FNC Entertainment, P1Harmony (피원하모니), Love Me For Me
2023, FNC Entertainment, P1Harmony (피원하모니), New Classic
2023, FNC Entertainment, P1Harmony (피원하모니), More Than Words
2023, FNC Entertainment, P1Harmony (피원하모니), Heartbeat Drum
2023, FNC Entertainment, P1Harmony (피원하모니), I Am You
2023, FNC Entertainment, P1Harmony (피원하모니), Super Chic (with New Hope Club)
2023, FNC Entertainment, P1Harmony (피원하모니), Fall in Love Again (Prod. C. “Tricky” Stewart & Believve)
2024, FNC Entertainment, P1Harmony (피원하모니), Killin’ It
2024, FNC Entertainment, P1Harmony (피원하모니), Killin’ It
2024, FNC Entertainment, P1Harmony (피원하모니), Late Night Calls
2024, FNC Entertainment, P1Harmony (피원하모니), Everybody Clap
2024, FNC Entertainment, P1Harmony (피원하모니), Love Story
2024, FNC Entertainment, P1Harmony (피원하모니), Countdown To Love
2024, FNC Entertainment, P1Harmony (피원하모니), Emergency
2024, FNC Entertainment, P1Harmony (피원하모니), 2Nite
2024, FNC Entertainment, P1Harmony (피원하모니), Let Me Love You
2024, FNC Entertainment, P1Harmony (피원하모니), Street Star
2024, FNC Entertainment, P1Harmony (피원하모니), I See U
2023, FNC Entertainment, Hi-Fi Un!corn (하이파이 유니콘), Over the Rainbow (Korean Ver.)
2023, FNC Entertainment, Hi-Fi Un!corn (하이파이 유니콘), DoReMiFa-Soul (Korean Ver.)
2023, FNC Entertainment, Hi-Fi Un!corn (하이파이 유니콘), Over the Rainbow (Japanese Ver.)
2023, FNC Entertainment, Hi-Fi Un!corn (하이파이 유니콘), U&I
2023, FNC Entertainment, Hi-Fi Un!corn (하이파이 유니콘), Stay With You
2023, FNC Entertainment, Hi-Fi Un!corn (하이파이 유니콘), Icecream Girl
2023, FNC Entertainment, Hi-Fi Un!corn (하이파이 유니콘), ABC Is
2024, FNC Entertainment, Hi-Fi Un!corn (하이파이 유니콘), Over the Rainbow (English Ver.)
2024, FNC Entertainment, Hi-Fi Un!corn (하이파이 유니콘), Say Goodbye (Japanese Ver.)
2024, FNC Entertainment, Hi-Fi Un!corn (하이파이 유니콘), Don’t Let Me Go (Japanese Ver.)
2024, FNC Entertainment, Hi-Fi Un!corn (하이파이 유니콘), My Star (Japanese Ver.)
2024, FNC Entertainment, Hi-Fi Un!corn (하이파이 유니콘), Dreamer (Japanese Ver.)
2023, FNC Entertainment, AMPERS&ONE (앰퍼샌드 원), On and On
2023, FNC Entertainment, AMPERS&ONE (앰퍼샌드 원), Sweet & Sour
2023, FNC Entertainment, AMPERS&ONE (앰퍼샌드 원), Sheesh
2024, FNC Entertainment, AMPERS&ONE (앰퍼샌드 원), Broken Heart
2024, FNC Entertainment, AMPERS&ONE (앰퍼샌드 원), Crazy Stupid Fun
2024, FNC Entertainment, AMPERS&ONE (앰퍼샌드 원), Someday
2015, FNC Entertainment, Jung Yong Hwa (정용화), One Fine Day
2015, FNC Entertainment, Jung Yong Hwa (정용화), Mileage (feat. YDG)
2015, FNC Entertainment, Jung Yong Hwa (정용화), Checkmate (feat. JJ Lin)
2015, FNC Entertainment, Jung Yong Hwa (정용화), Without You
2015, FNC Entertainment, Jung Yong Hwa (정용화), Last Leaf
2015, FNC Entertainment, Jung Yong Hwa (정용화), 27 Years
2015, FNC Entertainment, Jung Yong Hwa (정용화), You, My Star
2015, FNC Entertainment, Jung Yong Hwa (정용화), Cruel Memories
2017, FNC Entertainment, Jung Yong Hwa (정용화), Do Disturb
2017, FNC Entertainment, Jung Yong Hwa (정용화), That Girl (feat. Loco)
2017, FNC Entertainment, Jung Yong Hwa (정용화), Closer
2017, FNC Entertainment, Jung Yong Hwa (정용화), Password
2017, FNC Entertainment, Jung Yong Hwa (정용화), Navigation
2017, FNC Entertainment, Jung Yong Hwa (정용화), Jellyfish
2017, FNC Entertainment, Jung Yong Hwa (정용화), Not Anymore
2017, FNC Entertainment, Jung Yong Hwa (정용화), Lost in Time
2021, FNC Entertainment, Jung Yong Hwa (정용화), Your City
2021, FNC Entertainment, Jung Yong Hwa (정용화), Your City (Title Track)
2021, FNC Entertainment, Jung Yong Hwa (정용화), So What?
2021, FNC Entertainment, Jung Yong Hwa (정용화), Fireworks
2021, FNC Entertainment, Jung Yong Hwa (정용화), Seven O'Clock
2021, FNC Entertainment, Jung Yong Hwa (정용화), Summer Night In Heaven
2023, FNC Entertainment, Jung Yong Hwa (정용화), Save Me
2023, FNC Entertainment, Jung Yong Hwa (정용화), Joker
2023, FNC Entertainment, Jung Yong Hwa (정용화), Let Me Stay
2023, FNC Entertainment, Jung Yong Hwa (정용화), Close To You
2023, FNC Entertainment, Jung Yong Hwa (정용화), So Good
2023, FNC Entertainment, Jung Yong Hwa (정용화), Until We Meet Again
2015, FNC Entertainment, Lee Hong Gi (이홍기), FM302
2015, FNC Entertainment, Lee Hong Gi (이홍기), Insensible (눈치없이)
2015, FNC Entertainment, Lee Hong Gi (이홍기), Let’s Seize the Day
2015, FNC Entertainment, Lee Hong Gi (이홍기), Kings for a Day
2015, FNC Entertainment, Lee Hong Gi (이홍기), Be Your Doll
2015, FNC Entertainment, Lee Hong Gi (이홍기), LOL (Loudness of Love)
2015, FNC Entertainment, Lee Hong Gi (이홍기), 사랑하자 (Love is...)
2015, FNC Entertainment, Lee Hong Gi (이홍기), 멋진 남자 (The Best Man)
2015, FNC Entertainment, Lee Hong Gi (이홍기), 그리운 날에 (On The Way Home)
2018, FNC Entertainment, Lee Hong Gi (이홍기), Do n Do
2018, FNC Entertainment, Lee Hong Gi (이홍기), Cookies (feat. Jung Ilhoon)
2018, FNC Entertainment, Lee Hong Gi (이홍기), Come to Me
2018, FNC Entertainment, Lee Hong Gi (이홍기), I AM
2018, FNC Entertainment, Lee Hong Gi (이홍기), Yellow
2018, FNC Entertainment, Lee Hong Gi (이홍기), Good Night
2018, FNC Entertainment, Lee Hong Gi (이홍기), Thanksful
2021, FNC Entertainment, Lee Hong Gi (이홍기), Drawing
2021, FNC Entertainment, Lee Hong Gi (이홍기), Mixtape
2021, FNC Entertainment, Lee Hong Gi (이홍기), 혼자 하는 사랑 (Alone)
2021, FNC Entertainment, Lee Hong Gi (이홍기), 더 가까이 (Closer)
2021, FNC Entertainment, Lee Hong Gi (이홍기), 바람이 분다 (Wind)
2021, FNC Entertainment, Lee Hong Gi (이홍기), Sonnet
2015, FNC Entertainment, Jimin (지민), God (with J.Don)
2015, FNC Entertainment, Jimin (지민), Puss (with Iron)
2015, FNC Entertainment, Jimin (지민), Good Start (with Lim Seul-ong)
2015, FNC Entertainment, Jimin (지민), Yahae (with Kang Min-hee)
2016, FNC Entertainment, Jimin (지민), Call You Bae (feat. Xiumin)
2017, FNC Entertainment, Jimin (지민), Hallelujah
2018, FNC Entertainment, Jimin (지민), Hey
2023, Alomalo Entertainment, Jimin (지민), Sympathy
2023, Alomalo Entertainment, Jimin (지민), Twinkle Little Star
2024, Alomalo Entertainment, Jimin (지민), Talking Walking
2018, KQ Entertainment, ATEEZ (에이티즈), Intro: Long Journey
2018, KQ Entertainment, ATEEZ (에이티즈), 해적왕 (Pirate King)
2018, KQ Entertainment, ATEEZ (에이티즈), Treasure
2018, KQ Entertainment, ATEEZ (에이티즈), Twilight
2018, KQ Entertainment, ATEEZ (에이티즈), Stay
2018, KQ Entertainment, ATEEZ (에이티즈), My Way
2019, KQ Entertainment, ATEEZ (에이티즈), HALA HALA (Hearts Awakened, Live Alive)
2019, KQ Entertainment, ATEEZ (에이티즈), Say My Name
2019, KQ Entertainment, ATEEZ (에이티즈), Desire
2019, KQ Entertainment, ATEEZ (에이티즈), Light
2019, KQ Entertainment, ATEEZ (에이티즈), Promise
2019, KQ Entertainment, ATEEZ (에이티즈), From (CD only)
2019, KQ Entertainment, ATEEZ (에이티즈), UTOPIA
2019, KQ Entertainment, ATEEZ (에이티즈), ILLUSION
2019, KQ Entertainment, ATEEZ (에이티즈), Crescent
2019, KQ Entertainment, ATEEZ (에이티즈), WAVE
2019, KQ Entertainment, ATEEZ (에이티즈), AURORA
2019, KQ Entertainment, ATEEZ (에이티즈), Dancing Like Butterfly Wings
2019, KQ Entertainment, ATEEZ (에이티즈), End of the Beginning
2019, KQ Entertainment, ATEEZ (에이티즈), WONDERLAND
2019, KQ Entertainment, ATEEZ (에이티즈), Dazzling Light
2019, KQ Entertainment, ATEEZ (에이티즈), 안개 (Mist)
2019, KQ Entertainment, ATEEZ (에이티즈), Precious (Overture)
2019, KQ Entertainment, ATEEZ (에이티즈), WIN
2019, KQ Entertainment, ATEEZ (에이티즈), If Without You
2019, KQ Entertainment, ATEEZ (에이티즈), 친구 (THANK U)
2019, KQ Entertainment, ATEEZ (에이티즈), Sunrise
2019, KQ Entertainment, ATEEZ (에이티즈), 걸어가고 있어 (WALKING/WITH U)
2019, KQ Entertainment, ATEEZ (에이티즈), Beginning of the End
2020, KQ Entertainment, ATEEZ (에이티즈), Answer
2020, KQ Entertainment, ATEEZ (에이티즈), 지평선 (Horizon)
2020, KQ Entertainment, ATEEZ (에이티즈), Star 1117
2020, KQ Entertainment, ATEEZ (에이티즈), Precious
2020, KQ Entertainment, ATEEZ (에이티즈), Outro: Long Journey
2020, KQ Entertainment, ATEEZ (에이티즈), Declaration
2020, KQ Entertainment, ATEEZ (에이티즈), Answer (Japanese Ver.)
2020, KQ Entertainment, ATEEZ (에이티즈), Better
2020, KQ Entertainment, ATEEZ (에이티즈), Wonderland (Sean Oh’s Skrt Mix)
2020, KQ Entertainment, ATEEZ (에이티즈), Sunrise (Atmospheric Mix by SPACECOWBOY)
2020, KQ Entertainment, ATEEZ (에이티즈), Star 1117 (Buddy’s Melodic Mix)
2020, KQ Entertainment, ATEEZ (에이티즈), Fever
2020, KQ Entertainment, ATEEZ (에이티즈), Thanxx
2020, KQ Entertainment, ATEEZ (에이티즈), To The Beat
2020, KQ Entertainment, ATEEZ (에이티즈), Good Lil Boy
2020, KQ Entertainment, ATEEZ (에이티즈), One Day At A Time
2021, KQ Entertainment, ATEEZ (에이티즈), Fireworks (I'm The One)
2021, KQ Entertainment, ATEEZ (에이티즈), The Leaders
2021, KQ Entertainment, ATEEZ (에이티즈), Time Of Love
2021, KQ Entertainment, ATEEZ (에이티즈), Take Me Home
2021, KQ Entertainment, ATEEZ (에이티즈), Celebrate
2021, KQ Entertainment, ATEEZ (에이티즈), Answer: Ode To Joy (feat. LA POEM)
2021, KQ Entertainment, ATEEZ (에이티즈), Be With You
2021, KQ Entertainment, ATEEZ (에이티즈), The Real (흥)
2021, KQ Entertainment, ATEEZ (에이티즈), Wonderland (Symphony No.9 “From The Wonderland”)
2021, KQ Entertainment, ATEEZ (에이티즈), Deja Vu
2021, KQ Entertainment, ATEEZ (에이티즈), Eternal Sunshine
2021, KQ Entertainment, ATEEZ (에이티즈), Feeling Like I Do
2021, KQ Entertainment, ATEEZ (에이티즈), Rocky
2021, KQ Entertainment, ATEEZ (에이티즈), All About You
2021, KQ Entertainment, ATEEZ (에이티즈), Not Too Late
2021, KQ Entertainment, ATEEZ (에이티즈), Turbulence
2021, KQ Entertainment, ATEEZ (에이티즈), Be With You
2021, KQ Entertainment, ATEEZ (에이티즈), The Letter
2021, KQ Entertainment, ATEEZ (에이티즈), The Real (흥)
2022, KQ Entertainment, ATEEZ (에이티즈), Guerrilla
2022, KQ Entertainment, ATEEZ (에이티즈), Propaganda
2022, KQ Entertainment, ATEEZ (에이티즈), Sector 1
2022, KQ Entertainment, ATEEZ (에이티즈), Cyberpunk
2022, KQ Entertainment, ATEEZ (에이티즈), The Ring
2022, KQ Entertainment, ATEEZ (에이티즈), WDIG (Where Do I Go)
2022, KQ Entertainment, ATEEZ (에이티즈), New World
2022, KQ Entertainment, ATEEZ (에이티즈), Outro: New World
2023, KQ Entertainment, ATEEZ (에이티즈), HALAZIA
2023, KQ Entertainment, ATEEZ (에이티즈), WIN
2023, KQ Entertainment, ATEEZ (에이티즈), I’m The One (Eden-ary Remix)
2023, KQ Entertainment, ATEEZ (에이티즈), Take Me Home (English Ver.)
2023, KQ Entertainment, ATEEZ (에이티즈), Fireworks (I’m The One) (HEAT-TOPPING Ver.)
2023, KQ Entertainment, ATEEZ (에이티즈), Celebrate (Japanese Ver.)
2023, KQ Entertainment, ATEEZ (에이티즈), Eternal Sunshine (Yunho, Jongho Ver.)
2023, KQ Entertainment, ATEEZ (에이티즈), The Real (Heung Ver.) (Japanese Ver.)
2023, KQ Entertainment, ATEEZ (에이티즈), Guerrilla (Flag Ver.)
2023, KQ Entertainment, ATEEZ (에이티즈), Paradigm
2023, KQ Entertainment, ATEEZ (에이티즈), Cyberpunk (Japanese Ver.)
2023, KQ Entertainment, ATEEZ (에이티즈), New World (Japanese Ver.)
2023, KQ Entertainment, ATEEZ (에이티즈), Outro: Liberty
2023, KQ Entertainment, ATEEZ (에이티즈), BOUNCY (K-HOT CHILLI PEPPERS)
2023, KQ Entertainment, ATEEZ (에이티즈), This World
2023, KQ Entertainment, ATEEZ (에이티즈), DUNE
2023, KQ Entertainment, ATEEZ (에이티즈), Better (Korean Ver.)
2023, KQ Entertainment, ATEEZ (에이티즈), Wave (Ollounder’s Bold Dynamics Mix)
2023, KQ Entertainment, ATEEZ (에이티즈), Utopia (Japanese Ver.)
2017, Happy Face Entertainment, Dreamcatcher (드림캐쳐), Chase Me
2017, Happy Face Entertainment, Dreamcatcher (드림캐쳐), Good Night
2017, Happy Face Entertainment, Dreamcatcher (드림캐쳐), Lullaby
2017, Happy Face Entertainment, Dreamcatcher (드림캐쳐), Fly High
2017, Happy Face Entertainment, Dreamcatcher (드림캐쳐), Wake Up
2017, Happy Face Entertainment, Dreamcatcher (드림캐쳐), Sleep-walking
2018, Happy Face Entertainment, Dreamcatcher (드림캐쳐), Full Moon
2018, Happy Face Entertainment, Dreamcatcher (드림캐쳐), You and I
2018, Happy Face Entertainment, Dreamcatcher (드림캐쳐), Mayday
2018, Happy Face Entertainment, Dreamcatcher (드림캐쳐), Which a Star
2018, Happy Face Entertainment, Dreamcatcher (드림캐쳐), What
2018, Happy Face Entertainment, Dreamcatcher (드림캐쳐), Wonderland
2018, Happy Face Entertainment, Dreamcatcher (드림캐쳐), Trap
2018, Happy Face Entertainment, Dreamcatcher (드림캐쳐), July 7th (약속해 우리)
2019, Dreamcatcher Company, Dreamcatcher (드림캐쳐), PIRI
2019, Dreamcatcher Company, Dreamcatcher (드림캐쳐), Diamond
2019, Dreamcatcher Company, Dreamcatcher (드림캐쳐), And There Was No One Left (그리고 아무도 없었다)
2019, Dreamcatcher Company, Dreamcatcher (드림캐쳐), Daydream (백일몽)
2019, Dreamcatcher Company, Dreamcatcher (드림캐쳐), Deja Vu (데자부)
2019, Dreamcatcher Company, Dreamcatcher (드림캐쳐), The Curse of the Spider (거미의 저주)
2019, Dreamcatcher Company, Dreamcatcher (드림캐쳐), Silent Night
2019, Dreamcatcher Company, Dreamcatcher (드림캐쳐), Polaris (북극성)
2020, Dreamcatcher Company, Dreamcatcher (드림캐쳐), Scream
2020, Dreamcatcher Company, Dreamcatcher (드림캐쳐), Tension
2020, Dreamcatcher Company, Dreamcatcher (드림캐쳐), Red Sun
2020, Dreamcatcher Company, Dreamcatcher (드림캐쳐), Black or White
2020, Dreamcatcher Company, Dreamcatcher (드림캐쳐), Jazz Bar
2020, Dreamcatcher Company, Dreamcatcher (드림캐쳐), SAHARA
2020, Dreamcatcher Company, Dreamcatcher (드림캐쳐), In The Frozen
2020, Dreamcatcher Company, Dreamcatcher (드림캐쳐), Dear
2020, Dreamcatcher Company, Dreamcatcher (드림캐쳐), R.o.S.E BLUE
2020, Dreamcatcher Company, Dreamcatcher (드림캐쳐), BOCA
2020, Dreamcatcher Company, Dreamcatcher (드림캐쳐), Break The Wall
2020, Dreamcatcher Company, Dreamcatcher (드림캐쳐), Can't get you out of my mind
2021, Dreamcatcher Company, Dreamcatcher (드림캐쳐), Odd Eye
2021, Dreamcatcher Company, Dreamcatcher (드림캐쳐), Wind Blows
2021, Dreamcatcher Company, Dreamcatcher (드림캐쳐), Poison Love
2021, Dreamcatcher Company, Dreamcatcher (드림캐쳐), 4 Memory
2021, Dreamcatcher Company, Dreamcatcher (드림캐쳐), New Days
2021, Dreamcatcher Company, Dreamcatcher (드림캐쳐), BEcause
2021, Dreamcatcher Company, Dreamcatcher (드림캐쳐), Airplane
2021, Dreamcatcher Company, Dreamcatcher (드림캐쳐), Whistle
2021, Dreamcatcher Company, Dreamcatcher (드림캐쳐), Alldaylong
2021, Dreamcatcher Company, Dreamcatcher (드림캐쳐), A Heart of Sunflower
2022, Dreamcatcher Company, Dreamcatcher (드림캐쳐), MAISON
2022, Dreamcatcher Company, Dreamcatcher (드림캐쳐), Starlight
2022, Dreamcatcher Company, Dreamcatcher (드림캐쳐), Together
2022, Dreamcatcher Company, Dreamcatcher (드림캐쳐), Always (널 위해)
2022, Dreamcatcher Company, Dreamcatcher (드림캐쳐), Cherry (Real Miracle) – (JiU solo)
2022, Dreamcatcher Company, Dreamcatcher (드림캐쳐), No Dot (SuA solo)
2022, Dreamcatcher Company, Dreamcatcher (드림캐쳐), Entrancing (Siyeon solo)
2022, Dreamcatcher Company, Dreamcatcher (드림캐쳐), Winter (Handong Solo)
2022, Dreamcatcher Company, Dreamcatcher (드림캐쳐), For (Yoohyeon solo)
2022, Dreamcatcher Company, Dreamcatcher (드림캐쳐), Beauty Full (Dami solo)
2022, Dreamcatcher Company, Dreamcatcher (드림캐쳐), Playground (Gahyeon solo)
2022, Dreamcatcher Company, Dreamcatcher (드림캐쳐), Vision
2022, Dreamcatcher Company, Dreamcatcher (드림캐쳐), Fairytale
2022, Dreamcatcher Company, Dreamcatcher (드림캐쳐), Some Love
2022, Dreamcatcher Company, Dreamcatcher (드림캐쳐), Rainy Day (이 비가 그칠 때면)
2023, Dreamcatcher Company, Dreamcatcher (드림캐쳐), Reason
2023, Dreamcatcher Company, Dreamcatcher (드림캐쳐), BONVOYAGE
2023, Dreamcatcher Company, Dreamcatcher (드림캐쳐), DEMIAN
2023, Dreamcatcher Company, Dreamcatcher (드림캐쳐), Propose
2023, Dreamcatcher Company, Dreamcatcher (드림캐쳐), To. Yo
2023, Dreamcatcher Company, Dreamcatcher (드림캐쳐), BONVOYAGE (Farewell Ver.)
2023, Dreamcatcher Company, Dreamcatcher (드림캐쳐), OOTD
2023, Dreamcatcher Company, Dreamcatcher (드림캐쳐), Rising
2023, Dreamcatcher Company, Dreamcatcher (드림캐쳐), Shatter
2023, Dreamcatcher Company, Dreamcatcher (드림캐쳐), We Are Young
2015, Pledis Entertainment, 세븐틴(SEVENTEEN), Shining Diamond
2015, Pledis Entertainment, 세븐틴(SEVENTEEN), Adore U (아낀다)
2015, Pledis Entertainment, 세븐틴(SEVENTEEN), Jam Jam
2015, Pledis Entertainment, 세븐틴(SEVENTEEN), 20
2015, Pledis Entertainment, 세븐틴(SEVENTEEN), Rock
2015, Pledis Entertainment, 세븐틴(SEVENTEEN), Mansae (만세)
2015, Pledis Entertainment, 세븐틴(SEVENTEEN), Fronting
2015, Pledis Entertainment, 세븐틴(SEVENTEEN), When I Grow Up
2015, Pledis Entertainment, 세븐틴(SEVENTEEN), OMG
2015, Pledis Entertainment, 세븐틴(SEVENTEEN), Rock (CHINA ver.)
2015, Pledis Entertainment, 세븐틴(SEVENTEEN), Mansae (CHINA ver.)
2016, Pledis Entertainment, 세븐틴(SEVENTEEN), Pretty U (예쁘다)
2016, Pledis Entertainment, 세븐틴(SEVENTEEN), Still Lonely (엄지척)
2016, Pledis Entertainment, 세븐틴(SEVENTEEN), Chuck
2016, Pledis Entertainment, 세븐틴(SEVENTEEN), Hit Song
2016, Pledis Entertainment, 세븐틴(SEVENTEEN), Say Yes
2016, Pledis Entertainment, 세븐틴(SEVENTEEN), Drift Away (떠내려가)
2016, Pledis Entertainment, 세븐틴(SEVENTEEN), Adore U (아낀다) - Vocal Team Ver.
2016, Pledis Entertainment, 세븐틴(SEVENTEEN), Manse (만세) - Hip-Hop Team Ver.
2016, Pledis Entertainment, 세븐틴(SEVENTEEN), Shining Diamond - Performance Team Ver.
2016, Pledis Entertainment, 세븐틴(SEVENTEEN), Love Letter
2016, Pledis Entertainment, 세븐틴(SEVENTEEN), Very Nice (아주 NICE)
2016, Pledis Entertainment, 세븐틴(SEVENTEEN), Healing
2016, Pledis Entertainment, 세븐틴(SEVENTEEN), Simple
2016, Pledis Entertainment, 세븐틴(SEVENTEEN), Space
2016, Pledis Entertainment, 세븐틴(SEVENTEEN), Highlight
2016, Pledis Entertainment, 세븐틴(SEVENTEEN), NO F.U.N
2016, Pledis Entertainment, 세븐틴(SEVENTEEN), Say Yes
2016, Pledis Entertainment, 세븐틴(SEVENTEEN), Chuck (CHECK IN)
2017, Pledis Entertainment, 세븐틴(SEVENTEEN), Don't Wanna Cry (울고 싶지 않아)
2017, Pledis Entertainment, 세븐틴(SEVENTEEN), Habit
2017, Pledis Entertainment, 세븐틴(SEVENTEEN), If I
2017, Pledis Entertainment, 세븐틴(SEVENTEEN), Swimming Fool
2017, Pledis Entertainment, 세븐틴(SEVENTEEN), My I
2017, Pledis Entertainment, 세븐틴(SEVENTEEN), Crazy in Love
2017, Pledis Entertainment, 세븐틴(SEVENTEEN), Who
2017, Pledis Entertainment, 세븐틴(SEVENTEEN), Check-In
2017, Pledis Entertainment, 세븐틴(SEVENTEEN), Beautiful
2017, Pledis Entertainment, 세븐틴(SEVENTEEN), Trauma
2017, Pledis Entertainment, 세븐틴(SEVENTEEN), Pinwheel
2017, Pledis Entertainment, 세븐틴(SEVENTEEN), Change Up
2017, Pledis Entertainment, 세븐틴(SEVENTEEN), Lilili Yabbay (13월의 춤)
2017, Pledis Entertainment, 세븐틴(SEVENTEEN), Rocket
2017, Pledis Entertainment, 세븐틴(SEVENTEEN), Hello
2017, Pledis Entertainment, 세븐틴(SEVENTEEN), Campfire
2017, Pledis Entertainment, 세븐틴(SEVENTEEN), Flower
2018, Pledis Entertainment, 세븐틴(SEVENTEEN), Thanks (고맙다)
2018, Pledis Entertainment, 세븐틴(SEVENTEEN), Run to You
2018, Pledis Entertainment, 세븐틴(SEVENTEEN), Falling for U
2018, Pledis Entertainment, 세븐틴(SEVENTEEN), Flower
2018, Pledis Entertainment, 세븐틴(SEVENTEEN), Rocket
2018, Pledis Entertainment, 세븐틴(SEVENTEEN), Hello
2018, Pledis Entertainment, 세븐틴(SEVENTEEN), Just Do It
2018, Pledis Entertainment, 세븐틴(SEVENTEEN), Call Call Call!
2018, Pledis Entertainment, 세븐틴(SEVENTEEN), Our Dawn Is Hotter Than Day (어쩌나)
2018, Pledis Entertainment, 세븐틴(SEVENTEEN), Oh My! (어쩌나)
2018, Pledis Entertainment, 세븐틴(SEVENTEEN), Moonwalker
2018, Pledis Entertainment, 세븐틴(SEVENTEEN), Come to Me
2018, Pledis Entertainment, 세븐틴(SEVENTEEN), What's Good
2018, Pledis Entertainment, 세븐틴(SEVENTEEN), Network Love
2018, Pledis Entertainment, 세븐틴(SEVENTEEN), Back It Up
2018, Pledis Entertainment, 세븐틴(SEVENTEEN), Thinking About You
2018, Pledis Entertainment, 세븐틴(SEVENTEEN), Smile Flower (웃음꽃)
2018, Pledis Entertainment, 세븐틴(SEVENTEEN), Snap Shoot
2019, Pledis Entertainment, 세븐틴(SEVENTEEN), Home
2019, Pledis Entertainment, 세븐틴(SEVENTEEN), Good to Me
2019, Pledis Entertainment, 세븐틴(SEVENTEEN), Hug
2019, Pledis Entertainment, 세븐틴(SEVENTEEN), Chilli
2019, Pledis Entertainment, 세븐틴(SEVENTEEN), Shhh
2019, Pledis Entertainment, 세븐틴(SEVENTEEN), Getting Closer
2019, Pledis Entertainment, 세븐틴(SEVENTEEN), Happy Ending
2019, Pledis Entertainment, 세븐틴(SEVENTEEN), Hit
2019, Pledis Entertainment, 세븐틴(SEVENTEEN), Lie Again
2019, Pledis Entertainment, 세븐틴(SEVENTEEN), Fear
2019, Pledis Entertainment, 세븐틴(SEVENTEEN), Let Me Hear You Say
2019, Pledis Entertainment, 세븐틴(SEVENTEEN), 247
2019, Pledis Entertainment, 세븐틴(SEVENTEEN), Second Life
2019, Pledis Entertainment, 세븐틴(SEVENTEEN), Network Love
2019, Pledis Entertainment, 세븐틴(SEVENTEEN), Back It Up
2019, Pledis Entertainment, 세븐틴(SEVENTEEN), Lucky
2019, Pledis Entertainment, 세븐틴(SEVENTEEN), Snap Shoot
2019, Pledis Entertainment, 세븐틴(SEVENTEEN), Happy Ending (Korean Ver.)
2020, Pledis Entertainment, 세븐틴(SEVENTEEN), My My
2020, Pledis Entertainment, 세븐틴(SEVENTEEN), Fearless
2020, Pledis Entertainment, 세븐틴(SEVENTEEN), Left & Right
2020, Pledis Entertainment, 세븐틴(SEVENTEEN), I Wish
2020, Pledis Entertainment, 세븐틴(SEVENTEEN), Kidult
2020, Pledis Entertainment, 세븐틴(SEVENTEEN), Together
2020, Pledis Entertainment, 세븐틴(SEVENTEEN), 24H
2020, Pledis Entertainment, 세븐틴(SEVENTEEN), Run to You
2020, Pledis Entertainment, 세븐틴(SEVENTEEN), 247 (Korean Ver.)
2020, Pledis Entertainment, 세븐틴(SEVENTEEN), Chilli (Korean Ver.)
2020, Pledis Entertainment, 세븐틴(SEVENTEEN), Fear (Korean Ver.)
2020, Pledis Entertainment, 세븐틴(SEVENTEEN), Let Me Hear You Say (Korean Ver.)
2021, Pledis Entertainment, 세븐틴(SEVENTEEN), Ready to Love
2021, Pledis Entertainment, 세븐틴(SEVENTEEN), Anyone
2021, Pledis Entertainment, 세븐틴(SEVENTEEN), GAM3 BO1
2021, Pledis Entertainment, 세븐틴(SEVENTEEN), Wave
2021, Pledis Entertainment, 세븐틴(SEVENTEEN), Same dream, same mind, same night
2021, Pledis Entertainment, 세븐틴(SEVENTEEN), 2 MINUS 1
2021, Pledis Entertainment, 세븐틴(SEVENTEEN), Crush
2021, Pledis Entertainment, 세븐틴(SEVENTEEN), Imperfect Love
2021, Pledis Entertainment, 세븐틴(SEVENTEEN), I Can't Run Away
2021, Pledis Entertainment, 세븐틴(SEVENTEEN), Rock with you
2021, Pledis Entertainment, 세븐틴(SEVENTEEN), To you
2021, Pledis Entertainment, 세븐틴(SEVENTEEN), Crush (Korean Ver.)
2021, Pledis Entertainment, 세븐틴(SEVENTEEN), 2 MINUS 1 (Korean Ver.)
2022, Pledis Entertainment, 세븐틴(SEVENTEEN), Darl+ing
2022, Pledis Entertainment, 세븐틴(SEVENTEEN), HOT
2022, Pledis Entertainment, 세븐틴(SEVENTEEN), March
2022, Pledis Entertainment, 세븐틴(SEVENTEEN), Don Quixote
2022, Pledis Entertainment, 세븐틴(SEVENTEEN), Shadow
2022, Pledis Entertainment, 세븐틴(SEVENTEEN), 'Bout You
2022, Pledis Entertainment, 세븐틴(SEVENTEEN), If You Leave Me
2022, Pledis Entertainment, 세븐틴(SEVENTEEN), Ash
2023, Pledis Entertainment, 세븐틴(SEVENTEEN), F*ck My Life
2023, Pledis Entertainment, 세븐틴(SEVENTEEN), Super
2023, Pledis Entertainment, 세븐틴(SEVENTEEN), Fire
2023, Pledis Entertainment, 세븐틴(SEVENTEEN), I Don't Understand But I Luv U
2023, Pledis Entertainment, 세븐틴(SEVENTEEN), Dust
2023, Pledis Entertainment, 세븐틴(SEVENTEEN), April Shower
2024, Pledis Entertainment, 세븐틴(SEVENTEEN), God of Music
2024, Pledis Entertainment, 세븐틴(SEVENTEEN), Better Me
2024, Pledis Entertainment, 세븐틴(SEVENTEEN), Diamond Days
2018, Pledis Entertainment, 프로미스나인(fromis_9), To Heart
2018, Pledis Entertainment, 프로미스나인(fromis_9), Glass Shoes (유리구두)
2018, Pledis Entertainment, 프로미스나인(fromis_9), Miracle
2018, Pledis Entertainment, 프로미스나인(fromis_9), Pinocchio
2018, Pledis Entertainment, 프로미스나인(fromis_9), Be With You
2018, Pledis Entertainment, 프로미스나인(fromis_9), DKDK (두근두근)
2018, Pledis Entertainment, 프로미스나인(fromis_9), 22 Century Girl
2018, Pledis Entertainment, 프로미스나인(fromis_9), Clover
2018, Pledis Entertainment, 프로미스나인(fromis_9), First Love
2019, Pledis Entertainment, 프로미스나인(fromis_9), Fun!
2019, Pledis Entertainment, 프로미스나인(fromis_9), Love RumPumPum
2019, Pledis Entertainment, 프로미스나인(fromis_9), Fly High
2019, Pledis Entertainment, 프로미스나인(fromis_9), Dancing Queen
2019, Pledis Entertainment, 프로미스나인(fromis_9), One Page
2020, Pledis Entertainment, 프로미스나인(fromis_9), Feel Good (SECRET CODE)
2020, Pledis Entertainment, 프로미스나인(fromis_9), Weather
2020, Pledis Entertainment, 프로미스나인(fromis_9), Starry Night
2020, Pledis Entertainment, 프로미스나인(fromis_9), Somebody to Love
2020, Pledis Entertainment, 프로미스나인(fromis_9), Love Rumpumpum
2021, Pledis Entertainment, 프로미스나인(fromis_9), WE GO
2021, Pledis Entertainment, 프로미스나인(fromis_9), 9 Way Ticket
2021, Pledis Entertainment, 프로미스나인(fromis_9), Airplane Mode
2021, Pledis Entertainment, 프로미스나인(fromis_9), Mulgogi
2021, Pledis Entertainment, 프로미스나인(fromis_9), Weather (2021 ver.)
2022, Pledis Entertainment, 프로미스나인(fromis_9), DM
2022, Pledis Entertainment, 프로미스나인(fromis_9), Love Is Around
2022, Pledis Entertainment, 프로미스나인(fromis_9), Hush Hush
2022, Pledis Entertainment, 프로미스나인(fromis_9), Escape Room
2022, Pledis Entertainment, 프로미스나인(fromis_9), Midnight Guest
2022, Pledis Entertainment, 프로미스나인(fromis_9), Stay This Way
2022, Pledis Entertainment, 프로미스나인(fromis_9), Stay Alive
2022, Pledis Entertainment, 프로미스나인(fromis_9), No Good Reason
2022, Pledis Entertainment, 프로미스나인(fromis_9), Rewind
2022, Pledis Entertainment, 프로미스나인(fromis_9), Cheese
2023, Pledis Entertainment, 프로미스나인(fromis_9), #menow
2023, Pledis Entertainment, 프로미스나인(fromis_9), Wishlist
2023, Pledis Entertainment, 프로미스나인(fromis_9), Attitude
2023, Pledis Entertainment, 프로미스나인(fromis_9), You
2023, Pledis Entertainment, 프로미스나인(fromis_9), Desert
2023, Pledis Entertainment, 프로미스나인(fromis_9), Every Day We Fight
2024, Pledis Entertainment, TWS(투어스), 첫 만남은 계획대로 되지 않아(Plot Twist)
2022, Pledis Entertainment, TWS(투어스), Unplugged Boy(Unplugged Boy)
2022, Pledis Entertainment, TWS(투어스), First Hooky(First Hooky)
2022, Pledis Entertainment, TWS(투어스), BFF
2024, Pledis Entertainment, TWS(투어스), Oh Mymy : 7s
2023, KOZ Entertainment, 보이넥스트도어(BOYNEXTDOOR), 돌아버리겠다 (But I Like You)
2023, KOZ Entertainment, 보이넥스트도어(BOYNEXTDOOR), One and Only
2023, KOZ Entertainment, 보이넥스트도어(BOYNEXTDOOR), 세레나데 (Serenade)
2023, KOZ Entertainment, 보이넥스트도어(BOYNEXTDOOR), 돌아버리겠다 (But I Like You) (English Ver.)
2023, KOZ Entertainment, 보이넥스트도어(BOYNEXTDOOR), Serenade (세레나데) (Instrumental)
2023, KOZ Entertainment, 보이넥스트도어(BOYNEXTDOOR), One and Only (단 한 사람) (Instrumental)
2024, KOZ Entertainment, 보이넥스트도어(BOYNEXTDOOR), Earth, Wind & Fire
2024, KOZ Entertainment, 보이넥스트도어(BOYNEXTDOOR), O.U.R
2024, KOZ Entertainment, 보이넥스트도어(BOYNEXTDOOR), Amnesia
2024, KOZ Entertainment, 보이넥스트도어(BOYNEXTDOOR), So let Me Love You
2024, KOZ Entertainment, 보이넥스트도어(BOYNEXTDOOR), Thinking About You
2024, KOZ Entertainment, 보이넥스트도어(BOYNEXTDOOR), U.R
2024, KOZ Entertainment, 보이넥스트도어(BOYNEXTDOOR), Time (시간)
2014, Seven Seasons, 지코(Zico), Tough Cookie (터프쿠키)
2015, Seven Seasons, 지코(Zico), Well Done (ft. Ja Mezz)
2015, Seven Seasons, 지코(Zico), Boys and Girls (ft. Babylon)
2015, Seven Seasons, 지코(Zico), Yes or No (ft. Penomeco & The Quiett)
2016, Seven Seasons, 지코(Zico), I Am You, You Are Me (너는 나 나는 너)
2016, Seven Seasons, 지코(Zico), It Was Love (ft. Luna)
2016, Seven Seasons, 지코(Zico), Bermuda Triangle (ft. Crush & DEAN)
2017, Seven Seasons, 지코(Zico), She's a Baby
2017, Seven Seasons, 지코(Zico), Artist
2017, Seven Seasons, 지코(Zico), Anti (ft. G.Soul)
2018, Seven Seasons, 지코(Zico), SoulMate (ft. IU)
2018, Seven Seasons, 지코(Zico), One-man Show (ft. Sik-K)
2019, KOZ Entertainment, 지코(Zico), Any Song (아무노래)
2020, KOZ Entertainment, 지코(Zico), Summer Hate (ft. Rain)
2020, KOZ Entertainment, 지코(Zico), Cartoon (만화영화)
2020, KOZ Entertainment, 지코(Zico), Being Left (남겨짐에 대해)
2020, KOZ Entertainment, 지코(Zico), No You, No Me (너 없이 나는 없어)
2021, KOZ Entertainment, 지코(Zico), Paradise (ft. Jeon Somi)
2021, KOZ Entertainment, 지코(Zico), Break Up 2 Make Up (ft. Zion.T)
2022, KOZ Entertainment, 지코(Zico), Freak (괴짜)
2022, KOZ Entertainment, 지코(Zico), Seoul Drift
2023, KOZ Entertainment, 지코(Zico), New Thing (ft. Homies)
2011, Brand New Stardom, 블락비(Block B), Freeze! (그대로 멈춰라!)
2011, Brand New Stardom, 블락비(Block B), Wanna B
2011, Brand New Stardom, 블락비(Block B), Is It Only Me? (나만 이런거야?)
2011, Brand New Stardom, 블락비(Block B), Halo
2011, Brand New Stardom, 블락비(Block B), Tell Them (가서 전해)
2011, Brand New Stardom, 블락비(Block B), U Hoo Hoo
2011, Brand New Stardom, 블락비(Block B), Wanna B (Inst.)
2011, Brand New Stardom, 블락비(Block B), Freeze! (그대로 멈춰라!) (Inst.)
2012, Brand New Stardom, 블락비(Block B), Nanrina (난리나)
2012, Brand New Stardom, 블락비(Block B), Go Crazy (미쳐보자)
2012, Brand New Stardom, 블락비(Block B), Synchronization 100% (싱크로율 100%)
2012, Brand New Stardom, 블락비(Block B), Action
2012, Brand New Stardom, 블락비(Block B), LOL
2012, Brand New Stardom, 블락비(Block B), Mental Breaker
2012, Brand New Stardom, 블락비(Block B), Movie’s Over
2012, Brand New Stardom, 블락비(Block B), Where Are You (어디야)
2012, Seven Seasons, 블락비(Block B), Nillili Mambo (닐리리 맘보)
2012, Seven Seasons, 블락비(Block B), Mental Breaker
2012, Seven Seasons, 블락비(Block B), No Joke (장난없다)
2012, Seven Seasons, 블락비(Block B), Movie's Over
2012, Seven Seasons, 블락비(Block B), Where Are You (어디야)
2013, Seven Seasons, 블락비(Block B), Be the Light (빛이 되어줘)
2013, Seven Seasons, 블락비(Block B), Very Good
2013, Seven Seasons, 블락비(Block B), When Where What How (하드캐리)
2013, Seven Seasons, 블락비(Block B), Nice Day
2013, Seven Seasons, 블락비(Block B), Very Good (Rough Ver.)
2014, Seven Seasons, 블락비(Block B), Jackpot
2014, Seven Seasons, 블락비(Block B), Her
2014, Seven Seasons, 블락비(Block B), Rare Woman (보기 드문 여자)
2014, Seven Seasons, 블락비(Block B), Hold Me Now
2015, Seven Seasons, 블락비(Block B), Toy
2015, Seven Seasons, 블락비(Block B), A Few Years Later (몇 년 후에)
2015, Seven Seasons, 블락비(Block B), Walking in the Rain (빗속에서)
2016, Seven Seasons, 블락비(Block B), My Zone
2016, Seven Seasons, 블락비(Block B), Shall We Dance
2017, Seven Seasons, 블락비(Block B), Yesterday
2018, Seven Seasons, 블락비(Block B), Don't Leave (떠나지마요)
2018, Seven Seasons, 블락비(Block B), Shall We Dance
2018, Seven Seasons, 블락비(Block B), One Way
2018, Seven Seasons, 블락비(Block B), Like This













