2020,BELIFT LAB,Enhypen,Intro: Walk the Line
2020,BELIFT LAB,Enhypen,Given-Taken
2020,BELIFT LAB,Enhypen,Let Me In (20 Cube)
2020,BELIFT LAB,Enhypen,10 Months
2020,BELIFT LAB,Enhypen,Flicker
2020,BELIFT LAB,Enhypen,Outro: Cross the Line
2021,BELIFT LAB,Enhypen,Intro: The Invitation
2021,BELIFT LAB,Enhypen,Drunk-Dazed
2021,BELIFT LAB,Enhypen,Fever
2021,BELIFT LAB,Enhypen,Not For Sale
2021,BELIFT LAB,Enhypen,Mixed Up
2021,BELIFT LAB,Enhypen,Outro: The Wormhole
2021,BELIFT LAB,Enhypen,Intro: Whiteout
2021,BELIFT LAB,Enhypen,Tamed-Dashed
2021,BELIFT LAB,Enhypen,Upper Side Dreamin'
2021,BELIFT LAB,Enhypen,Just A Little Bit
2021,BELIFT LAB,Enhypen,Go Big or Go Home
2021,BELIFT LAB,Enhypen,Blockbuster (feat. Yeonjun of TXT)
2021,BELIFT LAB,Enhypen,Attention, please!
2021,BELIFT LAB,Enhypen,Interlude: Question
2022,BELIFT LAB,Enhypen,Blessed-Cursed
2022,BELIFT LAB,Enhypen,Polaroid Love
2022,BELIFT LAB,Enhypen,Outro: Day 2
2022,BELIFT LAB,Enhypen,WALK THE LINE
2022,BELIFT LAB,Enhypen,Future Perfect (Pass the MIC)
2022,BELIFT LAB,Enhypen,ParadoXXX Invasion
2022,BELIFT LAB,Enhypen,TFW (That Feeling When)
2022,BELIFT LAB,Enhypen,SHOUT OUT
2022,BELIFT LAB,Enhypen,Foreshadow
2023,BELIFT LAB,Enhypen,Fate
2023,BELIFT LAB,Enhypen,Bite Me
2023,BELIFT LAB,Enhypen,Sacrifice (Eat Me Up)
2023,BELIFT LAB,Enhypen,Chaconne
2023,BELIFT LAB,Enhypen,Bills
2023,BELIFT LAB,Enhypen,Karma
2023,BELIFT LAB,Enhypen,Mortal
2023,BELIFT LAB,Enhypen,Sweet Venom
2023,BELIFT LAB,Enhypen,Still Monster
2023,BELIFT LAB,Enhypen,Blind
2023,BELIFT LAB,Enhypen,Orange Flower (You Complete Me)
2023,BELIFT LAB,Enhypen,Sweet Venom (English Ver.)
2023,BELIFT LAB,Enhypen,Sweet Venom (feat. Bella Poarch) (Digital Only)
2021,BELIFT LAB,Enhypen,Forget Me Not
2022,BELIFT LAB,Enhypen,Always
2022,BELIFT LAB,Enhypen,I Need The Light (Mimicus OST)
2022,BELIFT LAB,Enhypen,One In A Billion (DARK MOON: THE BLOOD ALTAR OST)
2022,BELIFT LAB,Enhypen,ZERO MOMENT (Prod. tearliner) (Summer Strike OST Part.4)
2023,BELIFT LAB,Enhypen,CRIMINAL LOVE (DARK MOON: THE BLOOD ALTAR OST)
2023,BELIFT LAB,Enhypen,Keep Swimmin' Through (Baby Sharkâ€™s Big Movie OST)
2024,BELIFT LAB,ILLIT,Super Real Me
2024,BELIFT LAB,ILLIT,Magnetic
2024,BELIFT LAB,ILLIT,Lucky Girl Syndrome
2024,BELIFT LAB,ILLIT,Midnight Fiction
2024,BELIFT LAB,ILLIT,My World

