2016,BlockBerry Creative,LOONA,ViViD
2016,BlockBerry Creative,LOONA,다녀가요 (Around You)
2016,BlockBerry Creative,LOONA,I'll Be There
2016,BlockBerry Creative,LOONA,소년, 소녀 (Let Me In)
2016,BlockBerry Creative,LOONA,The Carol
2017,BlockBerry Creative,LOONA,비 내츄럴 (Rain 51Db)
2017,BlockBerry Creative,LOONA,I'll Be There (Remix)
2017,BlockBerry Creative,LOONA,꿈을 그리는 날 (My Sunday)
2017,BlockBerry Creative,LOONA,우연히 발견한 하늘 (My Melody)
2017,BlockBerry Creative,LOONA,Love & Live
2017,BlockBerry Creative,LOONA,You and Me Together
2017,BlockBerry Creative,LOONA,Love & Evil
2017,BlockBerry Creative,LOONA,비밀이야 (Sonatine)
2017,BlockBerry Creative,LOONA,Everyday I Love You
2017,BlockBerry Creative,LOONA,네가 필요해 (Everyday I Need You)
2017,BlockBerry Creative,LOONA,Eclipse
2017,BlockBerry Creative,LOONA,Singing in the Rain
2017,BlockBerry Creative,LOONA,Love Cherry Motion
2017,BlockBerry Creative,LOONA,Puzzle
2017,BlockBerry Creative,LOONA,New
2017,BlockBerry Creative,LOONA,Heart Attack
2017,BlockBerry Creative,LOONA,One & Only
2017,BlockBerry Creative,LOONA,Egoist
2018,BlockBerry Creative,LOONA,favOriTe
2018,BlockBerry Creative,LOONA,Hi High
2018,BlockBerry Creative,LOONA,열기 (Heat)
2018,BlockBerry Creative,LOONA,Perfect Love
2018,BlockBerry Creative,LOONA,Stylish
2019,BlockBerry Creative,LOONA,Butterfly
2019,BlockBerry Creative,LOONA,Satellite
2019,BlockBerry Creative,LOONA,Curiosity
2019,BlockBerry Creative,LOONA,Colors
2019,BlockBerry Creative,LOONA,Where you at
2020,BlockBerry Creative,LOONA,So What
2020,BlockBerry Creative,LOONA,Number 1
2020,BlockBerry Creative,LOONA,Oh (Yes I Am)
2020,BlockBerry Creative,LOONA,Ding Ding Dong
2020,BlockBerry Creative,LOONA,365
2020,BlockBerry Creative,LOONA,Why Not?
2020,BlockBerry Creative,LOONA,Voice
2020,BlockBerry Creative,LOONA,Fall Again
2020,BlockBerry Creative,LOONA,Universe
2020,BlockBerry Creative,LOONA,Hide & Seek
2020,BlockBerry Creative,LOONA,OOPS!
2021,BlockBerry Creative,LOONA,PTT (Paint The Town)
2021,BlockBerry Creative,LOONA,Wow
2021,BlockBerry Creative,LOONA,Be Honest
2021,BlockBerry Creative,LOONA,Dance On My Own
2021,BlockBerry Creative,LOONA,A Different Night
2021,BlockBerry Creative,LOONA,U R
2022,BlockBerry Creative,LOONA,Flip That
2022,BlockBerry Creative,LOONA,Need U
2022,BlockBerry Creative,LOONA,POSE
2022,BlockBerry Creative,LOONA,Pale Blue Dot
2022,BlockBerry Creative,LOONA,Playback
2022,Blockberry Creative,Sunye,대낮에 한 이별 (Separation in the Daytime) (with Im Seulong)
2022,Blockberry Creative,Sunye,열애중 (Love, ing)
2022,Blockberry Creative,Sunye,Glass Heart
2022,Blockberry Creative,Sunye,Just a Dancer
2022,Blockberry Creative,Sunye,안부 (Greetings) (with Jo Kwon)
