2009,Cube Entertainment,4Minute,Hot Issue
2009,Cube Entertainment,4Minute,Muzik
2009,Cube Entertainment,4Minute,What a Girl Wants
2009,Cube Entertainment,4Minute,Funny (웃겨)
2009,Cube Entertainment,4Minute,Won’t Give You (안줄래)
2009,Cube Entertainment,4Minute,Hot Issue (Remix)
2010,Cube Entertainment,4Minute,Who’s Next (feat. Beast)
2010,Cube Entertainment,4Minute,HuH
2010,Cube Entertainment,4Minute,Invitation
2010,Cube Entertainment,4Minute,I My Me Mine
2010,Cube Entertainment,4Minute,Bababa
2010,Cube Entertainment,4Minute,Highlight
2010,Cube Entertainment,4Minute,Cool and Natural (태연하게 당연하게)
2010,Cube Entertainment,4Minute,First/Dreams Come True
2011,Cube Entertainment,4Minute,4Minutes Left (Intro)
2011,Cube Entertainment,4Minute,Mirror Mirror (거울아 거울아)
2011,Cube Entertainment,4Minute,Heart to Heart
2011,Cube Entertainment,4Minute,Sweet Suga Honey!
2011,Cube Entertainment,4Minute,Pretend (모르는 척)
2011,Cube Entertainment,4Minute,You Know
2011,Cube Entertainment,4Minute,Already Gone
2011,Cube Entertainment,4Minute,First (Korean Version)
2011,Cube Entertainment,4Minute,Hide & Seek
2011,Cube Entertainment,4Minute,Badly (나쁘게)
2012,Cube Entertainment,4Minute,Volume Up
2012,Cube Entertainment,4Minute,I’m OK
2012,Cube Entertainment,4Minute,Say My Name
2012,Cube Entertainment,4Minute,Femme Fatale
2012,Cube Entertainment,4Minute,Dream Racer
2012,Cube Entertainment,4Minute,Black Cat
2012,Cube Entertainment,4Minute,Love Tension
2013,Cube Entertainment,4Minute,What’s Your Name? (이름이 뭐예요?)
2013,Cube Entertainment,4Minute,Is It Poppin'? (물좋아?)
2013,Cube Entertainment,4Minute,Whatcha Doin' Today? (오늘 뭐해)
2013,Cube Entertainment,4Minute,Thank You :) (고마워 :))
2014,Cube Entertainment,4Minute,Cold Rain (추운 비)
2014,Cube Entertainment,4Minute,Gain Weight (살만찌고) (feat. Brave Brothers)
2015,Cube Entertainment,4Minute,Crazy (미쳐)
2016,Cube Entertainment,4Minute,Hate (싫어)
2010,Cube Entertainment,HyunA,Change (feat. Junhyung)
2011,Cube Entertainment,HyunA,Bubble Pop!
2012,Cube Entertainment,HyunA,Ice Cream (feat. Maboos)
2014,Cube Entertainment,HyunA,빨개요 (Red)
2015,Cube Entertainment,HyunA,잘나가서 그래 (Roll Deep) (feat. Jung Ilhoon)
2016,Cube Entertainment,HyunA,어때? (How's This?)
2017,Cube Entertainment,HyunA,BABE
2018,Cube Entertainment,HyunA,Lip & Hip
2013,Cube Entertainment,Heo Ga-yoon,I Wish (Korean Ver.)
2013,Cube Entertainment,Heo Ga-yoon,이렇게 될 줄 알았어 (I Knew It Would Happen)
2009,Cube Entertainment,비스트,Bad Girl
2009,Cube Entertainment,비스트,Mystery
2009,Cube Entertainment,비스트,Yet
2009,Cube Entertainment,비스트,Oasis
2009,Cube Entertainment,비스트,Crazy (Attack the Gas Station 2 OST)
2010,Cube Entertainment,비스트,Just Before Shock
2010,Cube Entertainment,비스트,Shock
2010,Cube Entertainment,비스트,Special
2010,Cube Entertainment,비스트,Say No
2010,Cube Entertainment,비스트,Easy
2010,Cube Entertainment,비스트,Mastermind
2010,Cube Entertainment,비스트,Breath
2010,Cube Entertainment,비스트,V.I.U (Very Important U)
2010,Cube Entertainment,비스트,Break Down
2010,Cube Entertainment,비스트,Clenching A Tight Fist
2010,Cube Entertainment,비스트,Lights Go On Again
2010,Cube Entertainment,비스트,Beautiful
2010,Cube Entertainment,비스트,I Like You The Best
2010,Cube Entertainment,비스트,Lightless
2010,Cube Entertainment,비스트,I’m Sorry
2011,Cube Entertainment,비스트,The Fact
2011,Cube Entertainment,비스트,Fiction
2011,Cube Entertainment,비스트,Back To You
2011,Cube Entertainment,비스트,You
2011,Cube Entertainment,비스트,Freeze
2011,Cube Entertainment,비스트,Virus
2011,Cube Entertainment,비스트,Though I Call Your Name
2011,Cube Entertainment,비스트,On Rainy Days
2011,Cube Entertainment,비스트,My Princess OST Part.1 - Because of You
2012,Cube Entertainment,비스트,Midnight
2012,Cube Entertainment,비스트,Beautiful Night
2012,Cube Entertainment,비스트,Wasn’t Me
2012,Cube Entertainment,비스트,When I Miss You
2012,Cube Entertainment,비스트,Your Day Off
2012,Cube Entertainment,비스트,Dream Girl
2012,Cube Entertainment,비스트,I Knew It
2012,Cube Entertainment,비스트,BIG OST - Hateful Person
2013,Cube Entertainment,비스트,Intro
2013,Cube Entertainment,비스트,Shadow
2013,Cube Entertainment,비스트,How to Love
2013,Cube Entertainment,비스트,Be Alright
2013,Cube Entertainment,비스트,I’m Sorry
2013,Cube Entertainment,비스트,Will You Be Alright
2013,Cube Entertainment,비스트,Hate You
2013,Cube Entertainment,비스트,Encore
2013,Cube Entertainment,비스트,IRIS II: New Generation OST Part.3 - Black Paradise
2013,Cube Entertainment,비스트,Man in Love OST Part.4 - Bye Bye Love
2014,Cube Entertainment,비스트,We Up
2014,Cube Entertainment,비스트,Good Luck
2014,Cube Entertainment,비스트,Dance With U
2014,Cube Entertainment,비스트,No More
2014,Cube Entertainment,비스트,History
2014,Cube Entertainment,비스트,Tonight, I’ll Be At Your Side
2014,Cube Entertainment,비스트,Sad Movie (Korean Ver.)
2014,Cube Entertainment,비스트,12:30
2014,Cube Entertainment,비스트,Drive
2014,Cube Entertainment,비스트,It’s All Good
2014,Cube Entertainment,비스트,Close My Eyes
2014,Cube Entertainment,비스트,Stay
2014,Cube Entertainment,비스트,So Hot
2015,Cube Entertainment,비스트,YeY
2015,Cube Entertainment,비스트,Gotta Go To Work
2015,Cube Entertainment,비스트,Suite Room
2015,Cube Entertainment,비스트,See You There
2015,Cube Entertainment,비스트,Take It All
2015,Cube Entertainment,비스트,Oh Honey
2016,Cube Entertainment,비스트,Highlight
2016,Cube Entertainment,비스트,Ribbon
2016,Cube Entertainment,비스트,Butterfly
2016,Cube Entertainment,비스트,Practice
2016,Cube Entertainment,비스트,When I...
2016,Cube Entertainment,비스트,Curious
2016,Cube Entertainment,비스트,Found You (Yong Junhyung)
2016,Cube Entertainment,비스트,Baby It’s You (Yoon Dujun, Lee Gikwang)
2016,Cube Entertainment,비스트,With Me (Yang Yoseop)
2016,Cube Entertainment,비스트,I’ll Give You My All (Son Dongwoon)
2016,Cube Entertainment,비스트,Lullaby
2012,Cube Entertainment,Yang Yoseob,Caffeine (feat. Yong Junhyung)
2012,Cube Entertainment,Yang Yoseob,이 노래 좋다 (Even Then, I)
2012,Cube Entertainment,Yang Yoseob,안아 줘 (Hug Me)
2012,Cube Entertainment,Yang Yoseob,그대는 모르죠 (You Don't Know)
2012,Cube Entertainment,Yang Yoseob,말해줘 (Look At Me Now)
2012,Cube Entertainment,Yang Yoseob,그대가 잠든 사이 (In Your Time)
2015,Cube Entertainment,Son Dongwoon,In the Summer Night
2015,Cube Entertainment,Son Dongwoon,성인식 (The 1st Collage)
2012,Cube Entertainment,BTOB,Born to Beat
2012,Cube Entertainment,BTOB,Insane
2012,Cube Entertainment,BTOB,Imagine
2012,Cube Entertainment,BTOB,Father
2012,Cube Entertainment,BTOB,Irresistible Lips
2012,Cube Entertainment,BTOB,Press Play (feat. G.NA)
2012,Cube Entertainment,BTOB,WOW
2012,Cube Entertainment,BTOB,Lover Boy
2012,Cube Entertainment,BTOB,U & I
2012,Cube Entertainment,BTOB,Stand Up
2012,Cube Entertainment,BTOB,My Girl
2013,Cube Entertainment,BTOB,Second Confession
2013,Cube Entertainment,BTOB,When I Was Your Man
2013,Cube Entertainment,BTOB,Thriller
2013,Cube Entertainment,BTOB,Why
2013,Cube Entertainment,BTOB,Catch Me
2013,Cube Entertainment,BTOB,Like a Crystal
2013,Cube Entertainment,BTOB,Star
2013,Cube Entertainment,BTOB,크리스마스 노래
2014,Cube Entertainment,BTOB,뛰뛰빵빵 (Beep Beep)
2014,Cube Entertainment,BTOB,Broken Heart
2014,Cube Entertainment,BTOB,Hello
2014,Cube Entertainment,BTOB,Hello Mello
2014,Cube Entertainment,BTOB,끝나지 않은 노래 (Melody)
2014,Cube Entertainment,BTOB,넌 감동이야 (You’re So Fly)
2014,Cube Entertainment,BTOB,잘 지내겠죠 (Hope You’re Doing Fine)
2014,Cube Entertainment,BTOB,Happening
2014,Cube Entertainment,BTOB,넌 나의 천사 (You’re My Angel) (feat. JOO)
2014,Cube Entertainment,BTOB,I Don’t Know
2014,Cube Entertainment,BTOB,쉐이크 잇 (Shake It)
2014,Cube Entertainment,BTOB,울어도 돼 (You Can Cry)
2014,Cube Entertainment,BTOB,울면 안 돼 (The Winter’s Tale)
2014,Cube Entertainment,BTOB,한잔만 더 하면 (One Sip)
2014,Cube Entertainment,BTOB,Cheers!
2014,Cube Entertainment,BTOB,Because It’s Christmas
2015,Cube Entertainment,BTOB,Complete (Intro)
2015,Cube Entertainment,BTOB,괜찮아요 (It’s Okay)
2015,Cube Entertainment,BTOB,살다가
2015,Cube Entertainment,BTOB,어기여차 디여차
2015,Cube Entertainment,BTOB,여보세요
2015,Cube Entertainment,BTOB,여름이니까
2015,Cube Entertainment,BTOB,이보다 좋을 순 없다
2015,Cube Entertainment,BTOB,보고파
2015,Cube Entertainment,BTOB,느낌이 좋아
2015,Cube Entertainment,BTOB,하늘 끝
2015,Cube Entertainment,BTOB,Insane (Acoustic Ver.)
2015,Cube Entertainment,BTOB,Shake It
2015,Cube Entertainment,BTOB,모든게 잘될거야 (Everything’s Good (Outro))
2015,Cube Entertainment,BTOB,여름이다! (Natsuiro My Girl)
2015,Cube Entertainment,BTOB,Blowin
2015,Cube Entertainment,BTOB,Evidence
2015,Cube Entertainment,BTOB,Repeat Goodbye
2015,Cube Entertainment,BTOB,Last Day
2015,Cube Entertainment,BTOB,집으로 가는 길 (Way Back Home)
2015,Cube Entertainment,BTOB,심쿵해 (Heart Attack)
2015,Cube Entertainment,BTOB,Neverland (feat. G.NA)
2015,Cube Entertainment,BTOB,몰라 (Naivety)
2015,Cube Entertainment,BTOB,있을게 (I’ll Be Here)
2016,Cube Entertainment,BTOB,너 없인 안된다 (Killing Me)
2016,Cube Entertainment,BTOB,Color Your Days
2016,Cube Entertainment,BTOB,봄날의 기억 (Remember That)
2016,Cube Entertainment,BTOB,그려본다
2016,Cube Entertainment,BTOB,예뻐서 (So Pretty)
2016,Cube Entertainment,BTOB,너처럼 될래 (Just Like You)
2016,Cube Entertainment,BTOB,너 없이는 안 돼 (By Your Side)
2016,Cube Entertainment,BTOB,기도 (I’ll Be Your Man)
2016,Cube Entertainment,BTOB,취해
2016,Cube Entertainment,BTOB,아무렇지 않니 (I’m Bored)
2016,Cube Entertainment,BTOB,내가 너라면 (Yes I Am)
2016,Cube Entertainment,BTOB,내 곁에 있어줘
2016,Cube Entertainment,BTOB,Melody Song
2017,Cube Entertainment,BTOB,이제는
2017,Cube Entertainment,BTOB,Movie
2017,Cube Entertainment,BTOB,바람에 날려
2017,Cube Entertainment,BTOB,Rock N Hiphop
2017,Cube Entertainment,BTOB,언젠가 (Someday)
2017,Cube Entertainment,BTOB,봄이 되어줄게
2017,Cube Entertainment,BTOB,그리워하다 (Missing You)
2017,Cube Entertainment,BTOB,My Lady
2017,Cube Entertainment,BTOB,Red Lie
2017,Cube Entertainment,BTOB,Blowin’ Up
2017,Cube Entertainment,BTOB,Interlude: Brother Act.
2017,Cube Entertainment,BTOB,Nanana
2017,Cube Entertainment,BTOB,Dreaming
2017,Cube Entertainment,BTOB,Guitar (Stroke of Love)
2017,Cube Entertainment,BTOB,비가 오는 날엔 (Running Into Breakup)
2017,Cube Entertainment,BTOB,Fly Away
2017,Cube Entertainment,BTOB,Finale (Our Concert)
2017,Cube Entertainment,BTOB,Whisper
2018,Cube Entertainment,BTOB,Call Me
2018,Cube Entertainment,BTOB,너 없인 안 된다 (Only One for Me)
2018,Cube Entertainment,BTOB,Yeah
2018,Cube Entertainment,BTOB,Blue Moon
2018,Cube Entertainment,BTOB,IceBreaker
2018,Cube Entertainment,BTOB,1, 2, 3
2018,Cube Entertainment,BTOB,The Feeling
2018,Cube Entertainment,BTOB,Friend
2018,Cube Entertainment,BTOB,Like It
2018,Cube Entertainment,BTOB,Butterfly
2018,Cube Entertainment,BTOB,Climax
2018,Cube Entertainment,BTOB,아름답고도 아프구나 (Beautiful Pain)
2018,Cube Entertainment,BTOB,아름답고도 아프구나 (Beautiful Pain) (Inst.)
2021,Cube Entertainment,BTOB,Dreamer
2021,Cube Entertainment,BTOB,Outsider
2021,Cube Entertainment,BTOB,Can’t Breathe
2021,Cube Entertainment,BTOB,Traveler
2021,Cube Entertainment,BTOB,Waiting 4 U
2021,Cube Entertainment,BTOB,Finale (Show and Prove)
2022,Cube Entertainment,BTOB,Intro: The Trace
2022,Cube Entertainment,BTOB,노래 (The Song)
2022,Cube Entertainment,BTOB,Blooming Day
2022,Cube Entertainment,BTOB,Be Together
2022,Cube Entertainment,BTOB,My Way
2022,Cube Entertainment,BTOB,Whiskey
2022,Cube Entertainment,BTOB,Interlude: Re
2022,Cube Entertainment,BTOB,Lonely
2022,Cube Entertainment,BTOB,Dance With Me
2022,Cube Entertainment,BTOB,Higher
2022,Cube Entertainment,BTOB,Thank You
2022,Cube Entertainment,BTOB,It’s All Good
2022,Cube Entertainment,BTOB,Outro: Encore
2023,Cube Entertainment,BTOB,Wind and Wish
2023,Cube Entertainment,BTOB,Heaven
2023,Cube Entertainment,BTOB,Day&Night
2023,Cube Entertainment,BTOB,Moon Ride
2023,Cube Entertainment,BTOB,Your Love
2014,Cube Entertainment,Seo Eunkwang,Back in the Day
2020,Cube Entertainment,Seo Eunkwang,No One Knows (아무도 모른다)
2020,Cube Entertainment,Seo Eunkwang,The First Time
2020,Cube Entertainment,Seo Eunkwang,Have a Nice Day (서툰 하루)
2020,Cube Entertainment,Seo Eunkwang,Love Again (다시 사랑할 수 있을까)
2021,Cube Entertainment,Seo Eunkwang,Good Night
2021,Cube Entertainment,Seo Eunkwang,Dear My Dear
2021,Cube Entertainment,Seo Eunkwang,Forever Love
2021,Cube Entertainment,Seo Eunkwang,Dreaming Of Spring (봄을 꿈꾸다)
2023,Cube Entertainment,Seo Eunkwang,I'll Be Your Melody
2017,Cube Entertainment,Lee Minhyuk,With Melody
2018,Cube Entertainment,Lee Minhyuk,All Day
2018,Cube Entertainment,Lee Minhyuk,Ya
2019,Cube Entertainment,Lee Minhyuk,Hutazone
2019,Cube Entertainment,Lee Minhyuk,오늘밤에 (Tonight)
2019,Cube Entertainment,Lee Minhyuk,파랗게 (Blowin' Up)
2019,Cube Entertainment,Lee Minhyuk,사랑일거야 (It's Love)
2021,Cube Entertainment,Lee Minhyuk,Good Night
2022,Cube Entertainment,Lee Minhyuk,Dear My Dear
2022,Cube Entertainment,Lee Minhyuk,Forever Love
2023,Cube Entertainment,Lee Minhyuk,Red
2023,Cube Entertainment,Lee Minhyuk,Shadow
2017,Cube Entertainment,Lee Changsub,At the End
2017,Cube Entertainment,Lee Changsub,Ever
2018,Cube Entertainment,Lee Changsub,Gone
2018,Cube Entertainment,Lee Changsub,Way
2021,Cube Entertainment,Lee Changsub,Piece of BTOB Vol. 1
2021,Cube Entertainment,Lee Changsub,You Inside My Memories (추억속의 그대)
2023,Cube Entertainment,Lee Changsub,I Guess I Loved You (사랑했나봐)
2024,Cube Entertainment,Lee Changsub,As Always (그래, 늘 그랬듯 언제나)
2017,Cube Entertainment,Im Hyunsik,Swimming
2017,Cube Entertainment,Im Hyunsik,사랑은 묘한 거니까 (Shall We Love?)
2019,Cube Entertainment,Im Hyunsik,Rendez-Vous
2019,Cube Entertainment,Im Hyunsik,Dear Love (Dear My Spring)
2019,Cube Entertainment,Im Hyunsik,하나 둘 (One Day)
2020,Cube Entertainment,Im Hyunsik,Black
2020,Cube Entertainment,Im Hyunsik,Yellow
2023,Cube Entertainment,Im Hyunsik,If I Hug You (안아주면)
2024,Cube Entertainment,Im Hyunsik,Goodbye (잘 지내라)
2017,Cube Entertainment,Peniel,That Girl
2018,Cube Entertainment,Peniel,B.O.D
2019,Cube Entertainment,Peniel,Flip
2019,Cube Entertainment,Peniel,Valentine
2021,Cube Entertainment,Peniel,Fly23
2020,Cube Entertainment,Yook Sungjae,From Winter
2020,Cube Entertainment,Yook Sungjae,W.A.U
2020,Cube Entertainment,Yook Sungjae,HMHN
2020,Cube Entertainment,Yook Sungjae,With You
2020,Cube Entertainment,Yook Sungjae,For You
2020,Cube Entertainment,Yook Sungjae,Love Resembling Memories (사랑 기억으로)
2015,Cube Entertainment,CLC,Pepe
2015,Cube Entertainment,CLC,궁금해 (Like)
2015,Cube Entertainment,CLC,첫사랑 (First Love)
2015,Cube Entertainment,CLC,I'm Ready
2015,Cube Entertainment,CLC,Hey-Yo
2015,Cube Entertainment,CLC,티키타카 (Tika Taka)
2016,Cube Entertainment,CLC,High Heels
2016,Cube Entertainment,CLC,No Oh Oh
2016,Cube Entertainment,CLC,One, Two, Three
2016,Cube Entertainment,CLC,What Planet Are You From?
2016,Cube Entertainment,CLC,침착해 (Composed)
2016,Cube Entertainment,CLC,예뻐지게 (Pretty Girl)
2016,Cube Entertainment,CLC,이리와야 해 (Day By Day)
2017,Cube Entertainment,CLC,Hobgoblin
2017,Cube Entertainment,CLC,Liar
2017,Cube Entertainment,CLC,Mistake
2017,Cube Entertainment,CLC,미유미유 (MEOW MEOW)
2017,Cube Entertainment,CLC,I Mean That
2017,Cube Entertainment,CLC,말이야 (I Like It)
2017,Cube Entertainment,CLC,어디야? (Where Are You?)
2018,Cube Entertainment,CLC,BLACK DRESS
2018,Cube Entertainment,CLC,Like That
2018,Cube Entertainment,CLC,내일, 오늘 (To The Sky)
2018,Cube Entertainment,CLC,별들의 이야기 (Story)
2018,Cube Entertainment,CLC,선택해 (Distance)
2018,Cube Entertainment,CLC,빛나리 (Shining Star)
2019,Cube Entertainment,CLC,No
2019,Cube Entertainment,CLC,Show
2019,Cube Entertainment,CLC,Breakdown
2019,Cube Entertainment,CLC,Like It
2019,Cube Entertainment,CLC,I Need U
2019,Cube Entertainment,CLC,ME
2019,Cube Entertainment,CLC,Devil
2020,Cube Entertainment,CLC,HELICOPTER
2020,Cube Entertainment,CLC,HELICOPTER (English Ver.)
2016,Cube Entertainment,Pentagon,Wake Up (Intro)
2016,Cube Entertainment,Pentagon,Pentagon
2016,Cube Entertainment,Pentagon,Gorilla
2016,Cube Entertainment,Pentagon,Lukewarm
2016,Cube Entertainment,Pentagon,Smile
2016,Cube Entertainment,Pentagon,Organic Song
2016,Cube Entertainment,Pentagon,You Are
2016,Cube Entertainment,Pentagon,Can You Feel It (감이 오지)
2016,Cube Entertainment,Pentagon,Engine
2016,Cube Entertainment,Pentagon,Pretty Pretty (예쁨)
2016,Cube Entertainment,Pentagon,Lose Yourself
2016,Cube Entertainment,Pentagon,Stay Crazy
2017,Cube Entertainment,Pentagon,Hikari
2017,Cube Entertainment,Pentagon,Get Down
2017,Cube Entertainment,Pentagon,Beautiful
2017,Cube Entertainment,Pentagon,Critical Beauty (예뻐죽겠네)
2017,Cube Entertainment,Pentagon,Lucky
2017,Cube Entertainment,Pentagon,To Universe
2017,Cube Entertainment,Pentagon,Nothing
2017,Cube Entertainment,Pentagon,Spectacular
2017,Cube Entertainment,Pentagon,Thank You (Jinho & Hui)
2017,Cube Entertainment,Pentagon,Like This
2017,Cube Entertainment,Pentagon,It’s Over
2017,Cube Entertainment,Pentagon,One More Night
2017,Cube Entertainment,Pentagon,Get That Drink (E’Dawn, Yuto & Wooseok)
2017,Cube Entertainment,Pentagon,When I Was In Love
2017,Cube Entertainment,Pentagon,Stay
2017,Cube Entertainment,Pentagon,Violet
2017,Cube Entertainment,Pentagon,Runaway
2017,Cube Entertainment,Pentagon,All Right
2017,Cube Entertainment,Pentagon,Pretty Boys (Rap Unit)
2017,Cube Entertainment,Pentagon,Stay (Vocal Unit)
2018,Cube Entertainment,Pentagon,WAKE UP
2018,Cube Entertainment,Pentagon,Burnin’ Love
2018,Cube Entertainment,Pentagon,LOVE
2018,Cube Entertainment,Pentagon,UP! UP! UP!
2018,Cube Entertainment,Pentagon,OFF-ROAD
2018,Cube Entertainment,Pentagon,Shine (빛나리)
2018,Cube Entertainment,Pentagon,Think about you
2018,Cube Entertainment,Pentagon,Do it for fun (Rap Unit)
2018,Cube Entertainment,Pentagon,Nothing I can do
2018,Cube Entertainment,Pentagon,Let’s go together
2018,Cube Entertainment,Pentagon,I’m Fine
2018,Cube Entertainment,Pentagon,Wake up
2018,Cube Entertainment,Pentagon,Wasurerarenai
2018,Cube Entertainment,Pentagon,Hey! Hey! Hey!
2018,Cube Entertainment,Pentagon,Naughty Boy (청개구리)
2019,Cube Entertainment,Pentagon,Sha La La (신토불이)
2019,Cube Entertainment,Pentagon,Humph! (접근금지)
2019,Cube Entertainment,Pentagon,Dr. Bebe (Dr. 베베)
2020,Cube Entertainment,Pentagon,Basquiat (바스키아)
2020,Cube Entertainment,Pentagon,Daisy (데이지)
2020,Cube Entertainment,Pentagon,Eternal Flame (불꽃)
2021,Cube Entertainment,Pentagon,Do or Not
2021,Cube Entertainment,Pentagon,Feelin' Like
2022,Cube Entertainment,Pentagon,With Universe (약속)
2023,Cube Entertainment,Pentagon,Shh (詩)
2023,Cube Entertainment,Pentagon,Pado (Wave to Me)
2018,Cube Entertainment,(G)I-DLE,LATATA
2018,Cube Entertainment,(G)I-DLE,HANN (Alone)
2018,Cube Entertainment,(G)I-DLE,$$ (달러) (with Madison Beer) [League of Legends]
2018,Cube Entertainment,(G)I-DLE,Maze
2018,Cube Entertainment,(G)I-DLE,Don’t Text Me
2018,Cube Entertainment,(G)I-DLE,What’s In Your House
2018,Cube Entertainment,(G)I-DLE,Hear Me
2019,Cube Entertainment,(G)I-DLE,Senorita
2019,Cube Entertainment,(G)I-DLE,What's Your Name
2019,Cube Entertainment,(G)I-DLE,Uh-Oh
2019,Cube Entertainment,(G)I-DLE,LION
2019,Cube Entertainment,(G)I-DLE,Blow Your Mind (Soyeon Solo)
2019,Cube Entertainment,(G)I-DLE,For You (with K/DA) [League of Legends]
2019,Cube Entertainment,(G)I-DLE,Put It Straight
2019,Cube Entertainment,(G)I-DLE,Give Me Your
2019,Cube Entertainment,(G)I-DLE,Put It Straight (Nightmare Version)
2020,Cube Entertainment,(G)I-DLE,Oh My God
2020,Cube Entertainment,(G)I-DLE,사랑해 (Love You)
2020,Cube Entertainment,(G)I-DLE,Maybe
2020,Cube Entertainment,(G)I-DLE,Luv U
2020,Cube Entertainment,(G)I-DLE,Uh-Oh (Chinese Ver.)
2020,Cube Entertainment,(G)I-DLE,LATATA (English Ver.)
2020,Cube Entertainment,(G)I-DLE,DUMDi DUMDi
2020,Cube Entertainment,(G)I-DLE,I'm The Trend
2020,Cube Entertainment,(G)I-DLE,i'M THE TREND
2020,Cube Entertainment,(G)I-DLE,DUMDi DUMDi (Japanese Ver.)
2020,Cube Entertainment,(G)I-DLE,Oh my god (English Ver.)
2021,Cube Entertainment,(G)I-DLE,화 (HWAA)
2021,Cube Entertainment,(G)I-DLE,MOON
2021,Cube Entertainment,(G)I-DLE,Where is Love
2021,Cube Entertainment,(G)I-DLE,Lost
2021,Cube Entertainment,(G)I-DLE,DAHLIA
2021,Cube Entertainment,(G)I-DLE,화 (HWAA) (English Ver.)
2021,Cube Entertainment,(G)I-DLE,화 (HWAA) (Chinese Ver.)
2021,Cube Entertainment,(G)I-DLE,Last Dance (Prod. GroovyRoom)
2022,Cube Entertainment,(G)I-DLE,TOMBOY
2022,Cube Entertainment,(G)I-DLE,말리지 마 (Never Stop Me)
2022,Cube Entertainment,(G)I-DLE,VILLAIN DIES
2022,Cube Entertainment,(G)I-DLE,ALREADY
2022,Cube Entertainment,(G)I-DLE,POLAROID
2022,Cube Entertainment,(G)I-DLE,ESCAPE
2022,Cube Entertainment,(G)I-DLE,LIAR
2022,Cube Entertainment,(G)I-DLE,MY BAG
2022,Cube Entertainment,(G)I-DLE,Change
2022,Cube Entertainment,(G)I-DLE,Nxde
2022,Cube Entertainment,(G)I-DLE,LOVE
2022,Cube Entertainment,(G)I-DLE,Change (MOON Ver.)
2023,Cube Entertainment,(G)I-DLE,Allergy
2023,Cube Entertainment,(G)I-DLE,Queencard
2023,Cube Entertainment,(G)I-DLE,Lucid
2023,Cube Entertainment,(G)I-DLE,All Night
2023,Cube Entertainment,(G)I-DLE,Paradise
2023,Cube Entertainment,(G)I-DLE,Peter Pan
2023,Cube Entertainment,(G)I-DLE,Queen Liar
2023,Cube Entertainment,(G)I-DLE,I Do
2023,Cube Entertainment,(G)I-DLE,How To Twerk (MIYEON, YUQI)
2024,Cube Entertainment,(G)I-DLE,Super Lady
2024,Cube Entertainment,(G)I-DLE,Revenge
2024,Cube Entertainment,(G)I-DLE,Doll
2024,Cube Entertainment,(G)I-DLE,Vision
2024,Cube Entertainment,(G)I-DLE,7Days
2024,Cube Entertainment,(G)I-DLE,Fate
2024,Cube Entertainment,(G)I-DLE,Rollie
2024,Cube Entertainment,(G)I-DLE,Wife
2017,Cube Entertainment,Soyeon,Jelly
2017,Cube Entertainment,Soyeon,Idle Song
2021,Cube Entertainment,Soyeon,Beam Beam
2022,Cube Entertainment,Miyeon,Drive
2022,Cube Entertainment,Miyeon,You were my breath
2020,Cube Entertainment,Minnie,Getaway
2023,Cube Entertainment,Minnie,Expectations
2021,Cube Entertainment,Yuqi,Bonnie & Clyde
2021,Cube Entertainment,Yuqi,Giant
2023,Cube Entertainment,Yuqi,Selfish
2023,Cube Entertainment,Yuqi,No Big Deal
2021,Cube Entertainment,LIGHTSUM,Vanilla
2021,Cube Entertainment,LIGHTSUM,VIVACE
2021,Cube Entertainment,LIGHTSUM,You, jam
2021,Cube Entertainment,LIGHTSUM,Popcorn
2022,Cube Entertainment,LIGHTSUM,ALIVE
2022,Cube Entertainment,LIGHTSUM,i
2022,Cube Entertainment,LIGHTSUM,GOOD NEWS
2022,Cube Entertainment,LIGHTSUM,Q
2022,Cube Entertainment,LIGHTSUM,Bye Bye Love
2023,Cube Entertainment,LIGHTSUM,Honey or Spice
2023,Cube Entertainment,LIGHTSUM,Not My Style
2023,Cube Entertainment,LIGHTSUM,Skyline
2023,Cube Entertainment,LIGHTSUM,Whoopie
2023,Cube Entertainment,LIGHTSUM,Light it Up
2023,Cube Entertainment,LIGHTSUM,Candle LIGHT
2021,Cube Entertainment,LIGHTSUM,춤춰 (Go! Go! Bella! OST Part.1)
2024,Cube Entertainment,Nowadays,Nowadays
2024,Cube Entertainment,Nowadays,Go with the Flow
2024,Cube Entertainment,Nowadays,Shine Bright
2010,Cube Entertainment,G.NA,꺼져 줄게 잘 살아 (I'll Back Off So You Can Live Better) (feat. Junhyung)
2010,Cube Entertainment,G.NA,애인이 생기면 하고 싶은 일 (Things I'd Like to Do with My Lover) (with Rain)
2010,Cube Entertainment,G.NA,Supa Solo (feat. Swings)
2010,Cube Entertainment,G.NA,키스해줄래 (Kiss Me) (Playful Kiss OST)
2011,Cube Entertainment,G.NA,Black & White
2011,Cube Entertainment,G.NA,처음 뵙겠습니다 (Nice to Meet You) (with Wheesung)
2011,Cube Entertainment,G.NA,Top Girl
2011,Cube Entertainment,G.NA,2Hot
2011,Cube Entertainment,G.NA,내 사람이라서 (Cause You're My Man) (The Greatest Love OST)
2012,Cube Entertainment,G.NA,Oops! (feat. Ilhoon)
2012,Cube Entertainment,G.NA,Green Light (feat. Jay Park)
2012,Cube Entertainment,G.NA,Summer Star
2012,Cube Entertainment,G.NA,Oppa, Dongsaeng (feat. Sangchu of Mighty Mouth)
2012,Cube Entertainment,G.NA,Drop It (Cut It Off)
2012,Cube Entertainment,G.NA,Mind-Sync (feat. Huh Gak)
2012,Cube Entertainment,G.NA,Oh, Good!
2012,Cube Entertainment,G.NA,I Miss You Already
2012,Cube Entertainment,G.NA,There's a Rumor
2012,Cube Entertainment,G.NA,Don't Be Mad Anymore (feat. Junbum, Hyungyu, & Hyunsuk)
2013,Cube Entertainment,G.NA,Smile Again (with Trouble Maker and Ryu Hyun-jin)
2013,Cube Entertainment,G.NA,Pretty Lingerie (예쁜 속옷)
2013,Cube Entertainment,G.NA,Miracle (with The One, Jiyoung (A.Kor), Kim Woo-joo, Lee Ye-joon)
2014,Cube Entertainment,G.NA,Us (feat. Kim Tae-woo)
2014,Cube Entertainment,G.NA,Half (with Aaron Yan) (Fall In Love With Me OST)
2015,Cube Entertainment,G.NA,Don't Cry (The Scholar Who Walks the Night OST)



