2017,MNH Entertainment,청하,Why Don't You Know (feat. Nucksal)
2017,MNH Entertainment,청하,Make A Wish
2017,MNH Entertainment,청하,우주먼지 (Cosmic Dust)
2017,MNH Entertainment,청하,월화수목금토일 (Week)
2018,MNH Entertainment,청하,Roller Coaster
2018,MNH Entertainment,청하,Do It
2018,MNH Entertainment,청하,Bad Boy
2018,MNH Entertainment,청하,너의 온도 (Remind of You)
2018,MNH Entertainment,청하,Love U
2018,MNH Entertainment,청하,Cherry Kisses
2018,MNH Entertainment,청하,Drive
2018,MNH Entertainment,청하,From Now On
2019,MNH Entertainment,청하,Gotta Go (벌써 12시)
2019,MNH Entertainment,청하,Chica
2019,MNH Entertainment,청하,Young In Love (with pH-1)
2019,MNH Entertainment,청하,Run
2020,MNH Entertainment,청하,Stay Tonight
2020,MNH Entertainment,청하,PLAY (feat. Changmo)
2020,MNH Entertainment,청하,X (걸어온 길에 꽃밭 따윈 없었죠)
2021,MNH Entertainment,청하,Bicycle
2021,MNH Entertainment,청하,Masquerade
2021,MNH Entertainment,청하,Flying on Faith
2021,MNH Entertainment,청하,Chill
2021,MNH Entertainment,청하,Luce Sicut Stellae
2021,MNH Entertainment,청하,Bother Me
2021,MNH Entertainment,청하,Lemon (feat. Colde)
2021,MNH Entertainment,청하,Byulharang (160504 + 170607)
2021,MNH Entertainment,청하,Comes N Goes
2021,MNH Entertainment,청하,All Night Long
2021,MNH Entertainment,청하,Crazy Like You (feat. Bibi)
2021,MNH Entertainment,청하,California Dream
2021,MNH Entertainment,청하,Love Me Out Loud
2021,MNH Entertainment,청하,Louder
2021,MNH Entertainment,청하,XXXX
2021,MNH Entertainment,청하,Good Night My Princess
2021,MNH Entertainment,청하,Nuh-Uh
2021,MNH Entertainment,청하,Killing Me
2022,MNH Entertainment,청하,Sparkling
2023,MNH Entertainment,8TURN,WE
2023,MNH Entertainment,8TURN,Tic Tac
2023,MNH Entertainment,8TURN,Wonder
2023,MNH Entertainment,8TURN,Say My Name
2023,MNH Entertainment,8TURN,Heartache
2023,MNH Entertainment,8TURN,World
2023,MNH Entertainment,8TURN,Excel
2023,MNH Entertainment,8TURN,Walk It Out
2023,MNH Entertainment,8TURN,Sketch
2023,MNH Entertainment,8TURN,Ing
2023,MNH Entertainment,8TURN,Watch
2024,MNH Entertainment,8TURN,The Game
2024,MNH Entertainment,8TURN,Ru-Pum Pum
2024,MNH Entertainment,8TURN,Nom
2024,MNH Entertainment,8TURN,We Here
2024,MNH Entertainment,8TURN,Glow
2019,MNH Entertainment,BVNDIT,Hocus Pocus
2019,MNH Entertainment,BVNDIT,Be Ambitious
2019,MNH Entertainment,BVNDIT,드라마틱 (Dramatic)
2019,MNH Entertainment,BVNDIT,My Error
2019,MNH Entertainment,BVNDIT,Dumb
2019,MNH Entertainment,BVNDIT,Fly
2019,MNH Entertainment,BVNDIT,친구 (Friend)
2019,MNH Entertainment,BVNDIT,안녕히 (Goodbye)
2019,MNH Entertainment,BVNDIT,리드 (Ride)
2019,MNH Entertainment,BVNDIT,소라게 (Crab)
2020,MNH Entertainment,BVNDIT,Cool
2020,MNH Entertainment,BVNDIT,Children
2020,MNH Entertainment,BVNDIT,Jungle
2020,MNH Entertainment,BVNDIT,나무 (Tree)

