Year,Song,Artist,Failed Reason
1998,In-I -ì´ ì„¸ìƒì— ë²„ë ¤ì§„ ëª¨ë“  ì•„ì´ë“¤ì„ ìœ„í•˜ì—¬...-,H.O.T.,Every channel is None or video duration is not between 60 and 600 seconds
1998,In-I -ì´ ì„¸ìƒì— ë²„ë ¤ì§„ ëª¨ë“  ì•„ì´ë“¤ì„ ìœ„í•˜ì—¬...-,H.O.T.,No suitable video
1999,You Don't Bring Me Flowers Anymore - Duet with Kobus Strydom,Nicole,Every channel is None or video duration is not between 60 and 600 seconds
1999,You Don't Bring Me Flowers Anymore - Duet with Kobus Strydom,Nicole,No suitable video
1999,Dance & Rap,H.O.T.,Every channel is None or video duration is not between 60 and 600 seconds
1999,Dance & Rap,H.O.T.,No suitable video
1999,ê³ ë§ˆì›Œë¯¸ì•ˆí•´ (Together forever),H.O.T.,Every channel is None or video duration is not between 60 and 600 seconds
1999,ê³ ë§ˆì›Œë¯¸ì•ˆí•´ (Together forever),H.O.T.,No suitable video
2000,ì–´ë¦° ì—°ì¸ (Young Lovers),BoA,Every channel is None or video duration is not between 60 and 600 seconds
2000,ì–´ë¦° ì—°ì¸ (Young Lovers),BoA,No suitable video
2000,PokÃ©mon Theme,YG Family,Every channel is None or video duration is not between 60 and 600 seconds
2000,PokÃ©mon Theme,YG Family,No suitable video
2000,"OP.T, #1 - 'ì‚¬íˆ¬ (æ­»é¬ª)'",H.O.T.,Every channel is None or video duration is not between 60 and 600 seconds
2000,"OP.T, #1 - 'ì‚¬íˆ¬ (æ­»é¬ª)'",H.O.T.,No suitable video
2000,ì°¨ë§ˆ (Every Breath You Take),BoA,Every channel is None or video duration is not between 60 and 600 seconds
2000,ì°¨ë§ˆ (Every Breath You Take),BoA,No suitable video
2001,Bye Bye,S#arp,[0;31mERROR:[0m unable to download video data: HTTP Error 403: Forbidden
2001,ì´ë³„ì´ ì•„ë‹˜ì„..(Unexpected Farewell),ë¬¸í¬ì¤€,[0;31mERROR:[0m unable to download video data: HTTP Error 403: Forbidden
2001,Scratch Show (ìš°í˜ Special),H.O.T.,Every channel is None or video duration is not between 60 and 600 seconds
2001,Scratch Show (ìš°í˜ Special),H.O.T.,No suitable video
2001,Never can rewind,SHINHWA,Every channel is None or video duration is not between 60 and 600 seconds
2001,Never can rewind,SHINHWA,No suitable video
2001,Good-Bye ì´ì  (Good-Bye For The Last) (ìš°í˜ Special)-With Tony,H.O.T.,Every channel is None or video duration is not between 60 and 600 seconds
2001,Good-Bye ì´ì  (Good-Bye For The Last) (ìš°í˜ Special)-With Tony,H.O.T.,No suitable video
2001,Lover,ë‹¤ë‚˜,Every channel is None or video duration is not between 60 and 600 seconds
2001,Lover,ë‹¤ë‚˜,No suitable video
2001,Kiss Me,S#arp,[0;31mERROR:[0m unable to download video data: HTTP Error 403: Forbidden
2002,Everybody Get Down,Swi.T,Every channel is None or video duration is not between 60 and 600 seconds
2002,Everybody Get Down,Swi.T,No suitable video
2002,Never,Fin.K.L,Every channel is None or video duration is not between 60 and 600 seconds
2002,Never,Fin.K.L,No suitable video
2002,ìƒ¤ë² ë¥´,S#arp,Every channel is None or video duration is not between 60 and 600 seconds
2002,ìƒ¤ë² ë¥´,S#arp,No suitable video
2002,Realize (stay with me),BoA,[0;31mERROR:[0m unable to download video data: HTTP Error 403: Forbidden
2002,honey risk,REN,Every channel is None or video duration is not between 60 and 600 seconds
2002,honey risk,REN,No suitable video
2002,èˆ‡æ­Œè¿·åª’é«”å†ç›¸è¦‹ / æ¼”å”±æœƒå½©æ’ / é€šå‘Šç´€å¯¦,ë°•ì§€ìœ¤,Every channel is None or video duration is not between 60 and 600 seconds
2002,èˆ‡æ­Œè¿·åª’é«”å†ç›¸è¦‹ / æ¼”å”±æœƒå½©æ’ / é€šå‘Šç´€å¯¦,ë°•ì§€ìœ¤,No suitable video
2002,æ…¶åŠŸèˆ‡é€æ©Ÿ,ë°•ì§€ìœ¤,Every channel is None or video duration is not between 60 and 600 seconds
2002,æ…¶åŠŸèˆ‡é€æ©Ÿ,ë°•ì§€ìœ¤,No suitable video
2002,ì•¼ìƒê³¡ (Nocturne),ê°•íƒ€,[0;31mERROR:[0m unable to download video data: HTTP Error 403: Forbidden
2003,ë‚˜ ìƒì²˜ ë°›ì•˜ì–´ (Bonus Track),ë°•ì§€ìœ¤,Every channel is None or video duration is not between 60 and 600 seconds
2003,ë‚˜ ìƒì²˜ ë°›ì•˜ì–´ (Bonus Track),ë°•ì§€ìœ¤,No suitable video
2003,Sun Is Coming Out (Ayla's Uplifting mix),YEL,Every channel is None or video duration is not between 60 and 600 seconds
2003,Sun Is Coming Out (Ayla's Uplifting mix),YEL,No suitable video
2003,ìµœë©´ (Hypnotic),Masta Wu,Every channel is None or video duration is not between 60 and 600 seconds
2003,ìµœë©´ (Hypnotic),Masta Wu,No suitable video
2003,Asleep,S,Every channel is None or video duration is not between 60 and 600 seconds
2003,Asleep,S,No suitable video
2003,Stay -æœ¨æ¼ã‚Œæ—¥ã®ä¸­ã§-,REN,Every channel is None or video duration is not between 60 and 600 seconds
2003,Stay -æœ¨æ¼ã‚Œæ—¥ã®ä¸­ã§-,REN,No suitable video
2003,ì•„í‹€ë€í‹°ìŠ¤ ì†Œë…€ (Just Fiction Mix 2003),BoA,Every channel is None or video duration is not between 60 and 600 seconds
2003,ì•„í‹€ë€í‹°ìŠ¤ ì†Œë…€ (Just Fiction Mix 2003),BoA,No suitable video
2003,Opening,ê°•íƒ€,Every channel is None or video duration is not between 60 and 600 seconds
2003,Opening,ê°•íƒ€,No suitable video
2003,íƒ„ìƒ,SHINHWA,[0;31mERROR:[0m unable to download video data: HTTP Error 403: Forbidden
2003,ì§„ì˜¤ê¸°(Gin-o-gi),ë¬¸í¬ì¤€,Every channel is None or video duration is not between 60 and 600 seconds
2003,ì§„ì˜¤ê¸°(Gin-o-gi),ë¬¸í¬ì¤€,No suitable video
2003,Outro,íœ˜ì„±,[0;31mERROR:[0m unable to download video data: HTTP Error 403: Forbidden
2004,ë„ ìƒì–´ë²„ë¦° í›„ì—ì•¼ (The Loss Of Sadness),ë¬¸í¬ì¤€,[0;31mERROR:[0m unable to download video data: HTTP Error 403: Forbidden
2004,Wanna Talk (feat. JUVIE),RAIN,[0;31mERROR:[0m unable to download video data: HTTP Error 403: Forbidden
2004,ì‚¬ë‘ì´ í˜ë“¤ë•Œ,g.o.d,[0;31mERROR:[0m unable to download video data: HTTP Error 403: Forbidden
2005,Photo Gallery: ë¯¸ê³µê°œ ì‚¬ì§„,RAIN,Every channel is None or video duration is not between 60 and 600 seconds
2005,Photo Gallery: ë¯¸ê³µê°œ ì‚¬ì§„,RAIN,No suitable video
2005,Everything,SS501,Every channel is None or video duration is not between 60 and 600 seconds
2005,Everything,SS501,No suitable video
2005,ë³´ë¬¼ì°¾ê¸° (Treasure Hunt) (ft. Bobby Kim),ì€ì§€ì›,Every channel is None or video duration is not between 60 and 600 seconds
2005,ë³´ë¬¼ì°¾ê¸° (Treasure Hunt) (ft. Bobby Kim),ì€ì§€ì›,No suitable video
2005,Forever,SE7EN,Every channel is None or video duration is not between 60 and 600 seconds
2005,Forever,SE7EN,No suitable video
2005,Skull,Skull,Every channel is None or video duration is not between 60 and 600 seconds
2005,Skull,Skull,No suitable video
2005,ë‚˜ì˜ ì„¸ê°œ (My Three Things),ì€ì§€ì›,Every channel is None or video duration is not between 60 and 600 seconds
2005,ë‚˜ì˜ ì„¸ê°œ (My Three Things),ì€ì§€ì›,No suitable video
2005,"Rain's History: ë¹„ì˜ ì—­ì‚¬ (1, 2, 3 ì§‘ í™œë™, í‰ë¡ ê°€ ë…¼í‰ ë“±)",RAIN,Every channel is None or video duration is not between 60 and 600 seconds
2005,"Rain's History: ë¹„ì˜ ì—­ì‚¬ (1, 2, 3 ì§‘ í™œë™, í‰ë¡ ê°€ ë…¼í‰ ë“±)",RAIN,No suitable video
2005,Freak in Me,BoA,[0;31mERROR:[0m unable to download video data: HTTP Error 403: Forbidden
2006,ê·¸ê²Œ ë‹¤ì•¼? (ëŒ€ë§Œê³¡ ë¦¬ë©”ì´í¬),ê°„ë¯¸ì—°,Every channel is None or video duration is not between 60 and 600 seconds
2006,ê·¸ê²Œ ë‹¤ì•¼? (ëŒ€ë§Œê³¡ ë¦¬ë©”ì´í¬),ê°„ë¯¸ì—°,No suitable video
2006,forever with you,BIGBANG,Every channel is None or video duration is not between 60 and 600 seconds
2006,forever with you,BIGBANG,No suitable video
2006,Everlasting,BoA,Every channel is None or video duration is not between 60 and 600 seconds
2006,Everlasting,BoA,No suitable video
2006,ãƒã‚¬ãƒ»ãƒãƒ ãƒ»ãƒˆã‚¥ã‚´ã‚¦ã‚©ã‚½~åƒ•ãŒç†±ããªã‚Šã™ãã¦~,RAIN,Every channel is None or video duration is not between 60 and 600 seconds
2006,ãƒã‚¬ãƒ»ãƒãƒ ãƒ»ãƒˆã‚¥ã‚´ã‚¦ã‚©ã‚½~åƒ•ãŒç†±ããªã‚Šã™ãã¦~,RAIN,No suitable video
2006,Promise,SE7EN,[0;31mERROR:[0m unable to download video data: HTTP Error 403: Forbidden
2007,Always and Forever,SS501,Every channel is None or video duration is not between 60 and 600 seconds
2007,Always and Forever,SS501,No suitable video
2007,ì‹¸ê°€ì§€ (Bad Attitute Lady),Masta Wu,Every channel is None or video duration is not between 60 and 600 seconds
2007,ì‹¸ê°€ì§€ (Bad Attitute Lady),Masta Wu,No suitable video
2007,ì¿µì§ (Boom Tick),Masta Wu,Every channel is None or video duration is not between 60 and 600 seconds
2007,ì¿µì§ (Boom Tick),Masta Wu,No suitable video
2007,ëŒì•„ì´ Crazy Guy (feat. ìŠ¤ì»¬),Masta Wu,Every channel is None or video duration is not between 60 and 600 seconds
2007,ëŒì•„ì´ Crazy Guy (feat. ìŠ¤ì»¬),Masta Wu,No suitable video
2007,Love Is Over,ì§€ì€,Every channel is None or video duration is not between 60 and 600 seconds
2007,Love Is Over,ì§€ì€,No suitable video
2007,My Everything,å¤©ä¸Šæ™ºå–œ The Grace,Every channel is None or video duration is not between 60 and 600 seconds
2007,My Everything,å¤©ä¸Šæ™ºå–œ The Grace,No suitable video
2007,Against All Odds,íœ˜ì„±,Every channel is None or video duration is not between 60 and 600 seconds
2007,Against All Odds,íœ˜ì„±,No suitable video
2008,Girl In The Mirror,BoA,Every channel is None or video duration is not between 60 and 600 seconds
2008,Girl In The Mirror,BoA,No suitable video
2008,Every sweet day,IU,Every channel is None or video duration is not between 60 and 600 seconds
2008,Every sweet day,IU,No suitable video
2008,Mabinogi (It's Fantastic!),Tiffany Young,[0;31mERROR:[0m unable to download video data: HTTP Error 403: Forbidden
2008,AGGRESSIVE,BoA,Every channel is None or video duration is not between 60 and 600 seconds
2008,AGGRESSIVE,BoA,No suitable video
2008,ì²œí•˜ë¬´ì  ì´íš¨ë¦¬,ì´íš¨ë¦¬,[0;31mERROR:[0m unable to download video data: HTTP Error 403: Forbidden
2008,Forever or Never,SHINee,Every channel is None or video duration is not between 60 and 600 seconds
2008,Forever or Never,SHINee,No suitable video
2008,Never Let You Go,SS501,Every channel is None or video duration is not between 60 and 600 seconds
2008,Never Let You Go,SS501,No suitable video
2008,My Everything (ë™í•´),SUPER JUNIOR,Every channel is None or video duration is not between 60 and 600 seconds
2008,My Everything (ë™í•´),SUPER JUNIOR,No suitable video
2009,Winter's Night,FTISLAND,[0;31mERROR:[0m unable to download video data: HTTP Error 403: Forbidden
2009,ì†Œë…„ ì†Œë…€ë¥¼ ë§Œë‚˜ë‹¤,FTISLAND,[0;31mERROR:[0m unable to download video data: HTTP Error 403: Forbidden
2009,Live Like a Musical,FTISLAND,Every channel is None or video duration is not between 60 and 600 seconds
2009,Live Like a Musical,FTISLAND,No suitable video
2009,Everything is possible,FTISLAND,Every channel is None or video duration is not between 60 and 600 seconds
2009,Everything is possible,FTISLAND,No suitable video
2009,Over U,íœ˜ì„±,Every channel is None or video duration is not between 60 and 600 seconds
2009,Over U,íœ˜ì„±,No suitable video
2009,Never too late,CNBLUE,Every channel is None or video duration is not between 60 and 600 seconds
2009,Never too late,CNBLUE,No suitable video
2009,Now or Never,CNBLUE,Every channel is None or video duration is not between 60 and 600 seconds
2009,Now or Never,CNBLUE,No suitable video
2009,ê´œì°®ì•„ìš” / ê·¸ëŒ€ëŠ” ë‚˜ë¬´ ê°™ì•„ (reprise),ë°•ì§€ìœ¤,Every channel is None or video duration is not between 60 and 600 seconds
2009,ê´œì°®ì•„ìš” / ê·¸ëŒ€ëŠ” ë‚˜ë¬´ ê°™ì•„ (reprise),ë°•ì§€ìœ¤,No suitable video
2009,Did Ya,BoA,[0;31mERROR:[0m unable to download video data: HTTP Error 403: Forbidden
2009,UNIVERSE,BoA,Every channel is None or video duration is not between 60 and 600 seconds
2009,UNIVERSE,BoA,No suitable video
2009,Kiss,Rainbow,Every channel is None or video duration is not between 60 and 600 seconds
2009,Kiss,Rainbow,No suitable video
2009,Heyboy Playboy (í—¤ì´ë³´ì´ í”Œë ˆì´ë³´ì´) (Feat. Ceejay Of Fresh Boyz),ê¸¸ë¯¸,Every channel is None or video duration is not between 60 and 600 seconds
2009,Heyboy Playboy (í—¤ì´ë³´ì´ í”Œë ˆì´ë³´ì´) (Feat. Ceejay Of Fresh Boyz),ê¸¸ë¯¸,No suitable video
2010,V.I.U (Very Important U),BEAST,Every channel is None or video duration is not between 60 and 600 seconds
2010,V.I.U (Very Important U),BEAST,No suitable video
2010,Intro : Love is going (ì‚¬ë‘ì´ ê°€ë„),8eight,Every channel is None or video duration is not between 60 and 600 seconds
2010,Intro : Love is going (ì‚¬ë‘ì´ ê°€ë„),8eight,No suitable video
2010,Star,8eight,[0;31mERROR:[0m unable to download video data: HTTP Error 403: Forbidden
2010,í•œë³„ (Implode),BoA,[0;31mERROR:[0m unable to download video data: HTTP Error 403: Forbidden
2010,ë³„ë³„ë³„ (â˜†â˜…â˜†),Girlsâ€™ Generation,Every channel is None or video duration is not between 60 and 600 seconds
2010,ë³„ë³„ë³„ (â˜†â˜…â˜†),Girlsâ€™ Generation,No suitable video
2010,BEAUTIFUL HANGOVER,BIGBANG,Every channel is None or video duration is not between 60 and 600 seconds
2010,BEAUTIFUL HANGOVER,BIGBANG,No suitable video
2010,Nitchell (Baby-G mix),ê°€ì¸,Every channel is None or video duration is not between 60 and 600 seconds
2010,Nitchell (Baby-G mix),ê°€ì¸,No suitable video
2010,ëŒì´í‚¬ ìˆ˜ ì—†ëŠ”,ê°€ì¸,Every channel is None or video duration is not between 60 and 600 seconds
2010,ëŒì´í‚¬ ìˆ˜ ì—†ëŠ”,ê°€ì¸,No suitable video
2010,Lights Go on Again,BEAST,[0;31mERROR:[0m unable to download video data: HTTP Error 403: Forbidden
2010,The Message,S,[0;31mERROR:[0m unable to download video data: HTTP Error 403: Forbidden
2010,OVER THE RAINBOW,Girlsâ€™ Generation,Every channel is None or video duration is not between 60 and 600 seconds
2010,OVER THE RAINBOW,Girlsâ€™ Generation,No suitable video
2010,Forever,Girlsâ€™ Generation,Every channel is None or video duration is not between 60 and 600 seconds
2010,Forever,Girlsâ€™ Generation,No suitable video
2010,ìœ„ ë„¤ë²„ ê³  ì–¼ë¡  (We Never Go Alone),SISTAR,Every channel is None or video duration is not between 60 and 600 seconds
2010,ìœ„ ë„¤ë²„ ê³  ì–¼ë¡  (We Never Go Alone),SISTAR,No suitable video
2010,ê°€ì‹ê±¸,SISTAR,[0;31mERROR:[0m unable to download video data: HTTP Error 403: Forbidden
2010,Member Comment,SHINee,Every channel is None or video duration is not between 60 and 600 seconds
2010,Member Comment,SHINee,No suitable video
2011,Hot Place,SISTAR,[0;31mERROR:[0m unable to download video data: HTTP Error 403: Forbidden
2011,The Enchanted Horizon,HALO,Every channel is None or video duration is not between 60 and 600 seconds
2011,The Enchanted Horizon,HALO,No suitable video
2011,The Silence of the Ice,HALO,Every channel is None or video duration is not between 60 and 600 seconds
2011,The Silence of the Ice,HALO,No suitable video
2011,2011.5.13 - 15 HI-TOUCH EVENT DOCUMENT,BEAST,Every channel is None or video duration is not between 60 and 600 seconds
2011,2011.5.13 - 15 HI-TOUCH EVENT DOCUMENT,BEAST,No suitable video
2011,Never Land,U-KISS,Every channel is None or video duration is not between 60 and 600 seconds
2011,Never Land,U-KISS,No suitable video
2011,Every Day,U-KISS,Every channel is None or video duration is not between 60 and 600 seconds
2011,Every Day,U-KISS,No suitable video
2011,Lez -Dystopia Word-,HOSHI,Every channel is None or video duration is not between 60 and 600 seconds
2011,Lez -Dystopia Word-,HOSHI,No suitable video
2011,ã‚¸ãƒ£ãƒ‘ãƒ‹ãƒ¼ã‚ºã‚µãƒ¼ã‚¬ -Real 8bit Machine Mix-,HOSHI,Every channel is None or video duration is not between 60 and 600 seconds
2011,ã‚¸ãƒ£ãƒ‘ãƒ‹ãƒ¼ã‚ºã‚µãƒ¼ã‚¬ -Real 8bit Machine Mix-,HOSHI,No suitable video
2011,ê·¸ëŒ€ë¡œ ë©ˆì¶°ë¼,Dalâ˜…Shabet,Every channel is None or video duration is not between 60 and 600 seconds
2011,ê·¸ëŒ€ë¡œ ë©ˆì¶°ë¼,Dalâ˜…Shabet,No suitable video
2011,ë§¤ë ¥ë©ì–´ë¦¬,Dalâ˜…Shabet,Every channel is None or video duration is not between 60 and 600 seconds
2011,ë§¤ë ¥ë©ì–´ë¦¬,Dalâ˜…Shabet,No suitable video
2011,Rollin Fallin,Dalâ˜…Shabet,Every channel is None or video duration is not between 60 and 600 seconds
2011,Rollin Fallin,Dalâ˜…Shabet,No suitable video
2011,Beep,Dalâ˜…Shabet,Every channel is None or video duration is not between 60 and 600 seconds
2011,Beep,Dalâ˜…Shabet,No suitable video
2011,Dalâ˜…shabet,Dalâ˜…Shabet,[0;31mERROR:[0m unable to download video data: HTTP Error 403: Forbidden
2011,Mâ˜†â˜†nlight~â˜½,Dalâ˜…Shabet,Every channel is None or video duration is not between 60 and 600 seconds
2011,Mâ˜†â˜†nlight~â˜½,Dalâ˜…Shabet,No suitable video
2011,Oh!! Wow!!,Dalâ˜…Shabet,Every channel is None or video duration is not between 60 and 600 seconds
2011,Oh!! Wow!!,Dalâ˜…Shabet,No suitable video
2011,ê·¸ëŒ€ë¡œ ë©ˆì¶°ë¼! (INST),Block B,[0;31mERROR:[0m unable to download video data: HTTP Error 403: Forbidden
2011,ì˜ ì§€ë‚´ê³  ìˆì£ ,After School,[0;31mERROR:[0m unable to download video data: HTTP Error 403: Forbidden
2011,Clover Style,í´ë¡œë²„,Every channel is None or video duration is not between 60 and 600 seconds
2011,Clover Style,í´ë¡œë²„,No suitable video
2011,Better Day,í´ë¡œë²„,Every channel is None or video duration is not between 60 and 600 seconds
2011,Better Day,í´ë¡œë²„,No suitable video
2011,Alive,JUN. K,Every channel is None or video duration is not between 60 and 600 seconds
2011,Alive,JUN. K,No suitable video
2011,ë“£ê¸° ì‹«ì€ ë§,Trouble Maker,[0;31mERROR:[0m unable to download video data: HTTP Error 403: Forbidden
2011,"My Love, My Kiss, My Heart",SUPER JUNIOR,[0;31mERROR:[0m unable to download video data: HTTP Error 403: Forbidden
2011,Ultra Lover,2PM,Every channel is None or video duration is not between 60 and 600 seconds
2011,Ultra Lover,2PM,No suitable video
2011,DOCUMENT,2PM,Every channel is None or video duration is not between 60 and 600 seconds
2011,DOCUMENT,2PM,No suitable video
2011,Cover Girl,INFINITE,Every channel is None or video duration is not between 60 and 600 seconds
2011,Cover Girl,INFINITE,No suitable video
2011,Nothing's Over,INFINITE,Every channel is None or video duration is not between 60 and 600 seconds
2011,Nothing's Over,INFINITE,No suitable video
2011,Forever,JUNIEL,Every channel is None or video duration is not between 60 and 600 seconds
2011,Forever,JUNIEL,No suitable video
2012,Movie's Over,Block B,Every channel is None or video duration is not between 60 and 600 seconds
2012,Movie's Over,Block B,No suitable video
2012,SOMEBODY ELSE,SE7EN,Every channel is None or video duration is not between 60 and 600 seconds
2012,SOMEBODY ELSE,SE7EN,No suitable video
2012,ë„ˆ ë°–ì— ëª°ë¼ì„œ,A-JAX,Every channel is None or video duration is not between 60 and 600 seconds
2012,ë„ˆ ë°–ì— ëª°ë¼ì„œ,A-JAX,No suitable video
2012,Marine,HALO,Every channel is None or video duration is not between 60 and 600 seconds
2012,Marine,HALO,No suitable video
2012,Things I'd Like to Do With My Lover,G.NA,Every channel is None or video duration is not between 60 and 600 seconds
2012,Things I'd Like to Do With My Lover,G.NA,No suitable video
2012,Peace Loop,HALO,Every channel is None or video duration is not between 60 and 600 seconds
2012,Peace Loop,HALO,No suitable video
2012,Not Over U,BoA,Every channel is None or video duration is not between 60 and 600 seconds
2012,Not Over U,BoA,No suitable video
2012,Dra Magic!,í—ˆì˜ìƒ,Every channel is None or video duration is not between 60 and 600 seconds
2012,Dra Magic!,í—ˆì˜ìƒ,No suitable video
2012,ê·¸ëŒ€ë‹ˆê¹Œìš”,Tiffany Young,[0;31mERROR:[0m unable to download video data: HTTP Error 403: Forbidden
2012,Alive (intro) (live in A-Nation Stadium Festival),BIGBANG,Every channel is None or video duration is not between 60 and 600 seconds
2012,Alive (intro) (live in A-Nation Stadium Festival),BIGBANG,No suitable video
2012,Alive,2PM,Every channel is None or video duration is not between 60 and 600 seconds
2012,Alive,2PM,No suitable video
2012,Very Hot,HyunA,Every channel is None or video duration is not between 60 and 600 seconds
2012,Very Hot,HyunA,No suitable video
2012,ãƒã‚¹ã‚«ãƒ¬ãƒ¼ãƒ‰ ï½Masqueradeï½,2PM,[0;31mERROR:[0m unable to download video data: HTTP Error 403: Forbidden
2012,Still Alive,BIGBANG,Every channel is None or video duration is not between 60 and 600 seconds
2012,Still Alive,BIGBANG,No suitable video
2012,I was crazy about you,2PM,[0;31mERROR:[0m unable to download video data: HTTP Error 403: Forbidden
2012,Over U,miss A,Every channel is None or video duration is not between 60 and 600 seconds
2012,Over U,miss A,No suitable video
2012,strike the jealousy,HOSHI,Every channel is None or video duration is not between 60 and 600 seconds
2012,strike the jealousy,HOSHI,No suitable video
2012,ç‰¹æ”»å°‘å¥³æœ¬æ°—ç‹©åˆƒä¸ƒï½magical bananaï½,HOSHI,Every channel is None or video duration is not between 60 and 600 seconds
2012,ç‰¹æ”»å°‘å¥³æœ¬æ°—ç‹©åˆƒä¸ƒï½magical bananaï½,HOSHI,No suitable video
2012,Best Christmas Ever,Wonder Girls,Every channel is None or video duration is not between 60 and 600 seconds
2012,Best Christmas Ever,Wonder Girls,No suitable video
2012,Lips,miss A,[0;31mERROR:[0m unable to download video data: HTTP Error 403: Forbidden
2012,The DJ Is Mine,Wonder Girls,Every channel is None or video duration is not between 60 and 600 seconds
2012,The DJ Is Mine,Wonder Girls,No suitable video
2012,ì‚¬ë‘í•˜ì§€ ì•Šì•„,ë°•ì§€ìœ¤,[0;31mERROR:[0m unable to download video data: HTTP Error 403: Forbidden
2012,í—ˆìˆ˜ì•„ë¹„,LEE HI,[0;31mERROR:[0m unable to download video data: HTTP Error 403: Forbidden
2012,Not Over You,NU'EST,Every channel is None or video duration is not between 60 and 600 seconds
2012,Not Over You,NU'EST,No suitable video
2012,ê²°í˜¼í• ë˜ìš”?,Sunny Hill,[0;31mERROR:[0m unable to download video data: HTTP Error 403: Forbidden
2012,NEVERLAND,FTISLAND,Every channel is None or video duration is not between 60 and 600 seconds
2012,NEVERLAND,FTISLAND,No suitable video
2012,ë„ ì‚¬ë‘í•˜ê² ì–´,Hyolyn,[0;31mERROR:[0m unable to download video data: HTTP Error 403: Forbidden
2012,NEVER,ZICO,Every channel is None or video duration is not between 60 and 600 seconds
2012,NEVER,ZICO,No suitable video
2012,Chu Ma Boy,Dalâ˜…Shabet,Every channel is None or video duration is not between 60 and 600 seconds
2012,Chu Ma Boy,Dalâ˜…Shabet,No suitable video
2012,ã‚ªãƒ¬ã‚­ãƒ£ãƒ©ãƒãƒ£ãƒ³ãƒãƒ«ï¼ï½ORANGE CARAMELã®ãƒãƒ„ã‚²ãƒ¼ãƒ ã¯ã‚¤ãƒ¤ã‚ˆâ™¥ï½,Orange Caramel,Every channel is None or video duration is not between 60 and 600 seconds
2012,ã‚ªãƒ¬ã‚­ãƒ£ãƒ©ãƒãƒ£ãƒ³ãƒãƒ«ï¼ï½ORANGE CARAMELã®ãƒãƒ„ã‚²ãƒ¼ãƒ ã¯ã‚¤ãƒ¤ã‚ˆâ™¥ï½,Orange Caramel,No suitable video
2012,Over And Over (R.Tee Mix),4minute,Every channel is None or video duration is not between 60 and 600 seconds
2012,Over And Over (R.Tee Mix),4minute,No suitable video
2012,Edge íƒ€,GP Basic,[0;31mERROR:[0m unable to download video data: HTTP Error 403: Forbidden
2013,Summer Vacation,JUNIEL,[0;31mERROR:[0m unable to download video data: HTTP Error 403: Forbidden
2013,å’†å“® (Growl),EXO-M,[0;31mERROR:[0m unable to download video data: HTTP Error 403: Forbidden
2013,Very Good,Block B,Every channel is None or video duration is not between 60 and 600 seconds
2013,Very Good,Block B,No suitable video
2013,Everybody,SHINee,Every channel is None or video duration is not between 60 and 600 seconds
2013,Everybody,SHINee,No suitable video
2013,Ready Set Go,LC9,[0;31mERROR:[0m unable to download video data: HTTP Error 403: Forbidden
2013,Crazy Driver,After School,Every channel is None or video duration is not between 60 and 600 seconds
2013,Crazy Driver,After School,No suitable video
2013,Hey Mr. Chu~â™¥,Dalâ˜…Shabet,Every channel is None or video duration is not between 60 and 600 seconds
2013,Hey Mr. Chu~â™¥,Dalâ˜…Shabet,No suitable video
2013,Pop Pop Pop,BLACKSWAN,Every channel is None or video duration is not between 60 and 600 seconds
2013,Pop Pop Pop,BLACKSWAN,No suitable video
2013,First Kiss,BOYFRIEND,Every channel is None or video duration is not between 60 and 600 seconds
2013,First Kiss,BOYFRIEND,No suitable video
2013,LOVE LOVE LOVE (Acoustic Live fromã€ŒPolar Starã€Release Event),FTISLAND,Every channel is None or video duration is not between 60 and 600 seconds
2013,LOVE LOVE LOVE (Acoustic Live fromã€ŒPolar Starã€Release Event),FTISLAND,No suitable video
2013,è·³èº (GB Jumpstyle mix),HOSHI,Every channel is None or video duration is not between 60 and 600 seconds
2013,è·³èº (GB Jumpstyle mix),HOSHI,No suitable video
2013,æ½¤æœ±ã®æœã¦ (GB Breakcore Mix â€“ Prototype),HOSHI,Every channel is None or video duration is not between 60 and 600 seconds
2013,æ½¤æœ±ã®æœã¦ (GB Breakcore Mix â€“ Prototype),HOSHI,No suitable video
2013,æ±æ–¹å¦–ã€…å¤¢ ã€œ Ancient Temple (Jazzy GB mix),HOSHI,Every channel is None or video duration is not between 60 and 600 seconds
2013,æ±æ–¹å¦–ã€…å¤¢ ã€œ Ancient Temple (Jazzy GB mix),HOSHI,No suitable video
2013,æ£®é–‘ â€“In The Magical Forestâ€“ (LSDj Edit),HOSHI,Every channel is None or video duration is not between 60 and 600 seconds
2013,æ£®é–‘ â€“In The Magical Forestâ€“ (LSDj Edit),HOSHI,No suitable video
2013,äººå½¢è£åˆ¤ ã€œ äººã®å½¢å¼„ã³ã—å°‘å¥³ (Jazzy GB mix),HOSHI,Every channel is None or video duration is not between 60 and 600 seconds
2013,äººå½¢è£åˆ¤ ã€œ äººã®å½¢å¼„ã³ã—å°‘å¥³ (Jazzy GB mix),HOSHI,No suitable video
2013,ä»°ç©º (Etsuraku Hen),HOSHI,Every channel is None or video duration is not between 60 and 600 seconds
2013,ä»°ç©º (Etsuraku Hen),HOSHI,No suitable video
2013,MVã€ŒTONIGHTã€,ê¹€í˜„ì¤‘,[0;31mERROR:[0m unable to download video data: HTTP Error 403: Forbidden
2013,å›ã ã‘ã‚’æ¶ˆã›ãªãã¦,ê¹€í˜„ì¤‘,[0;31mERROR:[0m unable to download video data: HTTP Error 403: Forbidden
2013,It's Over,LEE HI,Every channel is None or video duration is not between 60 and 600 seconds
2013,It's Over,LEE HI,No suitable video
2013,Interlude â…¡ ã€œNow and Foreverã€œ,U-KISS,Every channel is None or video duration is not between 60 and 600 seconds
2013,Interlude â…¡ ã€œNow and Foreverã€œ,U-KISS,No suitable video
2013,MVã€Œå›ã ã‘ã‚’æ¶ˆã›ãªãã¦ã€,ê¹€í˜„ì¤‘,[0;31mERROR:[0m unable to download video data: HTTP Error 403: Forbidden
2013,Fall in Love,U-KISS,[0;31mERROR:[0m unable to download video data: HTTP Error 403: Forbidden
2013,LEGEND OF 2PM making movie,2PM,Every channel is None or video duration is not between 60 and 600 seconds
2013,LEGEND OF 2PM making movie,2PM,No suitable video
2013,Game Over,2PM,Every channel is None or video duration is not between 60 and 600 seconds
2013,Game Over,2PM,No suitable video
2013,A Little Moment,HALO,Every channel is None or video duration is not between 60 and 600 seconds
2013,A Little Moment,HALO,No suitable video
2013,TO-RA-WA,INFINITE,[0;31mERROR:[0m unable to download video data: HTTP Error 403: Forbidden
2013,My Everything (2013 re-recording),ì´ë¯¼í˜¸,Every channel is None or video duration is not between 60 and 600 seconds
2013,My Everything (2013 re-recording),ì´ë¯¼í˜¸,No suitable video
2013,Everything Is Alright,JUNIEL,Every channel is None or video duration is not between 60 and 600 seconds
2013,Everything Is Alright,JUNIEL,No suitable video
2013,Whatever,4minute,Every channel is None or video duration is not between 60 and 600 seconds
2013,Whatever,4minute,No suitable video
2013,ë¬»ì§€ ì•Šì„ê²Œìš”,ì´íš¨ë¦¬,[0;31mERROR:[0m [download] Got error: <urllib3.connection.HTTPSConnection object at 0x7f682e9e4c70>: Failed to establish a new connection: [Errno 111] Connection refused
2013,Tell Me Tell Me,Rainbow,[0;31mERROR:[0m unable to download video data: HTTP Error 403: Forbidden
2014,Overdose,EXO-M,Every channel is None or video duration is not between 60 and 600 seconds
2014,Overdose,EXO-M,No suitable video
2014,ìˆ¨ ì¢€ ì‰¬ì,INFINITE,[0;31mERROR:[0m unable to download video data: HTTP Error 403: Forbidden
2014,ì¤‘ë… (Overdose),EXO-K,Every channel is None or video duration is not between 60 and 600 seconds
2014,ì¤‘ë… (Overdose),EXO-K,No suitable video
2014,ì„ ìˆ˜ì…ì¥,Sunny Hill,[0;31mERROR:[0m unable to download video data: HTTP Error 403: Forbidden
2014,ì—°ì• ì„¸í¬,Sunny Hill,[0;31mERROR:[0m unable to download video data: HTTP Error 403: Forbidden
2014,Come Back You Bad Person,ê°€í¬,[0;31mERROR:[0m unable to download video data: HTTP Error 403: Forbidden
2014,Words I Couldn't Say Yet,ì´ˆì•„,[0;31mERROR:[0m unable to download video data: HTTP Error 403: Forbidden
2014,Upper East Side â€“ Midnight,KASPER,Every channel is None or video duration is not between 60 and 600 seconds
2014,Upper East Side â€“ Midnight,KASPER,No suitable video
2014,THANK U VERY MUCH,BESTie,Every channel is None or video duration is not between 60 and 600 seconds
2014,THANK U VERY MUCH,BESTie,No suitable video
2014,Forever Young,GOT7,Every channel is None or video duration is not between 60 and 600 seconds
2014,Forever Young,GOT7,No suitable video
2014,ì¤‘ë… (Overdose),EXO,Every channel is None or video duration is not between 60 and 600 seconds
2014,ì¤‘ë… (Overdose),EXO,No suitable video
2014,ê·¸ëƒ¥ ì§€ë‚˜ê°€ (ìˆ˜ë¹ˆ Solo),Dalâ˜…Shabet,Every channel is None or video duration is not between 60 and 600 seconds
2014,ê·¸ëƒ¥ ì§€ë‚˜ê°€ (ìˆ˜ë¹ˆ Solo),Dalâ˜…Shabet,No suitable video
2014,Live,KARA,Every channel is None or video duration is not between 60 and 600 seconds
2014,Live,KARA,No suitable video
2014,ë„ˆì˜€ë‚˜ë´,Dalâ˜…Shabet,Every channel is None or video duration is not between 60 and 600 seconds
2014,ë„ˆì˜€ë‚˜ë´,Dalâ˜…Shabet,No suitable video
2014,Yes No Yes,After School,[0;31mERROR:[0m [download] Got error: <urllib3.connection.HTTPSConnection object at 0x7f682cb8ef20>: Failed to establish a new connection: [Errno 111] Connection refused
2014,The Lost Planet,EXO,Every channel is None or video duration is not between 60 and 600 seconds
2014,The Lost Planet,EXO,No suitable video
2014,Be My Shineã€œå›ã‚’é›¢ã•ãªã„ã€œ(ç´„ï¼‘ï¼åˆ†ï¼‰,BOYFRIEND,Every channel is None or video duration is not between 60 and 600 seconds
2014,Be My Shineã€œå›ã‚’é›¢ã•ãªã„ã€œ(ç´„ï¼‘ï¼åˆ†ï¼‰,BOYFRIEND,No suitable video
2014,Superman,2PM,[0;31mERROR:[0m unable to download video data: HTTP Error 403: Forbidden
2014,Wherever Together,HA:TFELT,Every channel is None or video duration is not between 60 and 600 seconds
2014,Wherever Together,HA:TFELT,No suitable video
2014,ë‹¤ìš´ (Nothing Lasts Forever),HA:TFELT,Every channel is None or video duration is not between 60 and 600 seconds
2014,ë‹¤ìš´ (Nothing Lasts Forever),HA:TFELT,No suitable video
2015,BEAUTIFUL,EXO,[0;31mERROR:[0m unable to download video data: HTTP Error 403: Forbidden
2015,"ë„ˆ, ë‚´ì¼, ë¡œë§¨í‹±",ì•„ìš°ë¼,Every channel is None or video duration is not between 60 and 600 seconds
2015,"ë„ˆ, ë‚´ì¼, ë¡œë§¨í‹±",ì•„ìš°ë¼,No suitable video
2015,ë¯¸ì¹œë†ˆ (Heartfreak) (69 Mix),ì•„ìš°ë¼,Every channel is None or video duration is not between 60 and 600 seconds
2015,ë¯¸ì¹œë†ˆ (Heartfreak) (69 Mix),ì•„ìš°ë¼,No suitable video
2015,Jacket -Off Shot Movie-,EXO,Every channel is None or video duration is not between 60 and 600 seconds
2015,Jacket -Off Shot Movie-,EXO,No suitable video
2015,Goodnight Lover,ì •ìš©í™”,Every channel is None or video duration is not between 60 and 600 seconds
2015,Goodnight Lover,ì •ìš©í™”,No suitable video
2015,Everybody,2PM,Every channel is None or video duration is not between 60 and 600 seconds
2015,Everybody,2PM,No suitable video
2015,Valkyrja (LSDj Edit - Prototype),HOSHI,Every channel is None or video duration is not between 60 and 600 seconds
2015,Valkyrja (LSDj Edit - Prototype),HOSHI,No suitable video
2015,She discover the truth.,HOSHI,Every channel is None or video duration is not between 60 and 600 seconds
2015,She discover the truth.,HOSHI,No suitable video
2015,Cactus Dream (GB Power mix),HOSHI,Every channel is None or video duration is not between 60 and 600 seconds
2015,Cactus Dream (GB Power mix),HOSHI,No suitable video
2015,ä¸æ€è­°ã®å›½ã®ã‚¢ãƒªã‚¹ (GB Hardcore Mix),HOSHI,Every channel is None or video duration is not between 60 and 600 seconds
2015,ä¸æ€è­°ã®å›½ã®ã‚¢ãƒªã‚¹ (GB Hardcore Mix),HOSHI,No suitable video
2015,Disastrous Gemini (GB Breakcore Mix),HOSHI,Every channel is None or video duration is not between 60 and 600 seconds
2015,Disastrous Gemini (GB Breakcore Mix),HOSHI,No suitable video
2015,Club No.1,SUPER JUNIOR,[0;31mERROR:[0m unable to download video data: HTTP Error 403: Forbidden
2015,I Feel You,Wonder Girls,[0;31mERROR:[0m unable to download video data: HTTP Error 403: Forbidden
2015,Love Song,ìœ¡ì„±ì¬,[0;31mERROR:[0m unable to download video data: HTTP Error 403: Forbidden
2015,Neverland,BTOB,Every channel is None or video duration is not between 60 and 600 seconds
2015,Neverland,BTOB,No suitable video
2015,Everything's Good - ì¼í›ˆ Solo (Outro),BTOB,Every channel is None or video duration is not between 60 and 600 seconds
2015,Everything's Good - ì¼í›ˆ Solo (Outro),BTOB,No suitable video
2015,Young Shin's Dream ì˜ì‹ ì´ì˜ ê¿ˆ,NAYEON,Every channel is None or video duration is not between 60 and 600 seconds
2015,Young Shin's Dream ì˜ì‹ ì´ì˜ ê¿ˆ,NAYEON,No suitable video
2015,Love and Pain,NAYEON,Every channel is None or video duration is not between 60 and 600 seconds
2015,Love and Pain,NAYEON,No suitable video
2015,Alive,SHINee,Every channel is None or video duration is not between 60 and 600 seconds
2015,Alive,SHINee,No suitable video
2015,Healing Me,NAYEON,Every channel is None or video duration is not between 60 and 600 seconds
2015,Healing Me,NAYEON,No suitable video
2015,Converse High,BTS,Every channel is None or video duration is not between 60 and 600 seconds
2015,Converse High,BTS,No suitable video
2015,Neverland,GFRIEND,Every channel is None or video duration is not between 60 and 600 seconds
2015,Neverland,GFRIEND,No suitable video
2015,Forever Love,Jay B,Every channel is None or video duration is not between 60 and 600 seconds
2015,Forever Love,Jay B,No suitable video
2015,Outro : Love is Not Over,BTS,Every channel is None or video duration is not between 60 and 600 seconds
2015,Outro : Love is Not Over,BTS,No suitable video
2015,Slow Down,HISTORY,[0;31mERROR:[0m unable to download video data: HTTP Error 403: Forbidden
2015,How Am I Supposed To Live Without You,ì„±ë¯¼,Every channel is None or video duration is not between 60 and 600 seconds
2015,How Am I Supposed To Live Without You,ì„±ë¯¼,No suitable video
2015,ë¨¼ì € ë§í•´ì¤˜ (Farewell),TAEYEON,[0;31mERROR:[0m unable to download video data: HTTP Error 403: Forbidden
2015,Alive,ê¹€ì„±ê·œ,Every channel is None or video duration is not between 60 and 600 seconds
2015,Alive,ê¹€ì„±ê·œ,No suitable video
2015,Primavera,FTISLAND,Every channel is None or video duration is not between 60 and 600 seconds
2015,Primavera,FTISLAND,No suitable video
2015,Green Light,Play the Siren,Every channel is None or video duration is not between 60 and 600 seconds
2015,Green Light,Play the Siren,No suitable video
2015,í™€ë ¤,Dalâ˜…Shabet,Every channel is None or video duration is not between 60 and 600 seconds
2015,í™€ë ¤,Dalâ˜…Shabet,No suitable video
2015,ã‚·ãƒ£ãƒ«ãƒ«,Dalâ˜…Shabet,Every channel is None or video duration is not between 60 and 600 seconds
2015,ã‚·ãƒ£ãƒ«ãƒ«,Dalâ˜…Shabet,No suitable video
2015,ë§¤ì¼,GOT7,Every channel is None or video duration is not between 60 and 600 seconds
2015,ë§¤ì¼,GOT7,No suitable video
2015,Menace From the Third World,Skull,Every channel is None or video duration is not between 60 and 600 seconds
2015,Menace From the Third World,Skull,No suitable video
2015,Can't Get Over You,INFINITE,Every channel is None or video duration is not between 60 and 600 seconds
2015,Can't Get Over You,INFINITE,No suitable video
2015,Dreamlover,KARA,Every channel is None or video duration is not between 60 and 600 seconds
2015,Dreamlover,KARA,No suitable video
2015,ë¯¸ì³,4minute,[0;31mERROR:[0m unable to download video data: HTTP Error 403: Forbidden
2016,ë‹¬ì˜ ë…¸ë˜ (My Dear),ì˜ˆì„±,[0;31mERROR:[0m unable to download video data: HTTP Error 403: Forbidden
2016,True Love,INFINITE,[0;31mERROR:[0m unable to download video data: HTTP Error 403: Forbidden
2016,Instant love,ì¤€í˜¸,Every channel is None or video duration is not between 60 and 600 seconds
2016,Instant love,ì¤€í˜¸,No suitable video
2016,Fly,GOT7,[0;31mERROR:[0m unable to download video data: HTTP Error 403: Forbidden
2016,ë‹¤ì´ë„ˆë§ˆì´íŠ¸ (Dynamite),VIXX,[0;31mERROR:[0m unable to download video data: HTTP Error 403: Forbidden
2016,Never Stop,GOT7,Every channel is None or video duration is not between 60 and 600 seconds
2016,Never Stop,GOT7,No suitable video
2016,ì—ë¼ ëª¨ë¥´ê² ë‹¤,BIGBANG,[0;31mERROR:[0m unable to download video data: HTTP Error 403: Forbidden
2016,YOUNG FOREVER,JUN. K,Every channel is None or video duration is not between 60 and 600 seconds
2016,YOUNG FOREVER,JUN. K,No suitable video
2016,ì†ë§ˆìŒ (Ya Heart),Dalâ˜…Shabet,Every channel is None or video duration is not between 60 and 600 seconds
2016,ì†ë§ˆìŒ (Ya Heart),Dalâ˜…Shabet,No suitable video
2016,"ì¸, ë­?",Dalâ˜…Shabet,Every channel is None or video duration is not between 60 and 600 seconds
2016,"ì¸, ë­?",Dalâ˜…Shabet,No suitable video
2016,Farewell,PENIEL,Every channel is None or video duration is not between 60 and 600 seconds
2016,Farewell,PENIEL,No suitable video
2016,FLY BOY,Dalâ˜…Shabet,Every channel is None or video duration is not between 60 and 600 seconds
2016,FLY BOY,Dalâ˜…Shabet,No suitable video
2016,imagine,FTISLAND,[0;31mERROR:[0m unable to download video data: HTTP Error 403: Forbidden
2016,ã‚¢ã‚¤ãƒ‡ãƒ³ãƒ†ã‚£ãƒ†ã‚£,FTISLAND,[0;31mERROR:[0m unable to download video data: HTTP Error 403: Forbidden
2016,We are...,FTISLAND,[0;31mERROR:[0m unable to download video data: HTTP Error 403: Forbidden
2016,Everytime,CHEN,Every channel is None or video duration is not between 60 and 600 seconds
2016,Everytime,CHEN,No suitable video
2016,Carrie (The First Day),ê°€ì¸,[0;31mERROR:[0m unable to download video data: HTTP Error 403: Forbidden
2016,House of Cards (full length edition),BTS,[0;31mERROR:[0m unable to download video data: HTTP Error 403: Forbidden
2016,No DAP (Feat. No Dae-geon (Bursters),M&D,Every channel is None or video duration is not between 60 and 600 seconds
2016,No DAP (Feat. No Dae-geon (Bursters),M&D,No suitable video
2016,Love Is Not Over (full length edition),BTS,Every channel is None or video duration is not between 60 and 600 seconds
2016,Love Is Not Over (full length edition),BTS,No suitable video
2016,EPILOGUE : Young Forever,BTS,Every channel is None or video duration is not between 60 and 600 seconds
2016,EPILOGUE : Young Forever,BTS,No suitable video
2016,Love Paint (every afternoon),NU'EST,Every channel is None or video duration is not between 60 and 600 seconds
2016,Love Paint (every afternoon),NU'EST,No suitable video
2016,ë¶€ê¸°ìš°ê¸° (Boogie Woogie),Crayon Pop,[0;31mERROR:[0m unable to download video data: HTTP Error 403: Forbidden
2016,YOU & I ä¸­æ–‡å­—å¹•MV,IU,[0;31mERROR:[0m unable to download video data: HTTP Error 403: Forbidden
2016,I.B.I,I.B.I,Every channel is None or video duration is not between 60 and 600 seconds
2016,I.B.I,I.B.I,No suitable video
2016,ì•„ì£¼ NICE,SEVENTEEN,Every channel is None or video duration is not between 60 and 600 seconds
2016,ì•„ì£¼ NICE,SEVENTEEN,No suitable video
2016,ç™½è‰²å™ªéŸ³ (White Noise),EXO,[0;31mERROR:[0m unable to download video data: HTTP Error 403: Forbidden
2016,The Way,ì—„ì§€,[0;31mERROR:[0m unable to download video data: HTTP Error 403: Forbidden
2016,ìê²©ì§€ì‹¬,ë°•ê²½,[0;31mERROR:[0m unable to download video data: HTTP Error 403: Forbidden
2016,YOUNG FOREVER,CNBLUE,Every channel is None or video duration is not between 60 and 600 seconds
2016,YOUNG FOREVER,CNBLUE,No suitable video
2016,Track 18,ë‚¨ìš°í˜„,Every channel is None or video duration is not between 60 and 600 seconds
2016,Track 18,ë‚¨ìš°í˜„,No suitable video
2016,Track 19,ë‚¨ìš°í˜„,Every channel is None or video duration is not between 60 and 600 seconds
2016,Track 19,ë‚¨ìš°í˜„,No suitable video
2016,Track 21,ë‚¨ìš°í˜„,Every channel is None or video duration is not between 60 and 600 seconds
2016,Track 21,ë‚¨ìš°í˜„,No suitable video
2016,Track 20,ë‚¨ìš°í˜„,Every channel is None or video duration is not between 60 and 600 seconds
2016,Track 20,ë‚¨ìš°í˜„,No suitable video
2016,Track 25,ë‚¨ìš°í˜„,Every channel is None or video duration is not between 60 and 600 seconds
2016,Track 25,ë‚¨ìš°í˜„,No suitable video
2016,Track 12,ë‚¨ìš°í˜„,Every channel is None or video duration is not between 60 and 600 seconds
2016,Track 12,ë‚¨ìš°í˜„,No suitable video
2016,Track 13,ë‚¨ìš°í˜„,Every channel is None or video duration is not between 60 and 600 seconds
2016,Track 13,ë‚¨ìš°í˜„,No suitable video
2016,Track 14,ë‚¨ìš°í˜„,Every channel is None or video duration is not between 60 and 600 seconds
2016,Track 14,ë‚¨ìš°í˜„,No suitable video
2016,Track 16,ë‚¨ìš°í˜„,Every channel is None or video duration is not between 60 and 600 seconds
2016,Track 16,ë‚¨ìš°í˜„,No suitable video
2016,Everyday,ë‚¨ìš°í˜„,Every channel is None or video duration is not between 60 and 600 seconds
2016,Everyday,ë‚¨ìš°í˜„,No suitable video
2016,Track 24,ë‚¨ìš°í˜„,Every channel is None or video duration is not between 60 and 600 seconds
2016,Track 24,ë‚¨ìš°í˜„,No suitable video
2016,Track 09,ë‚¨ìš°í˜„,Every channel is None or video duration is not between 60 and 600 seconds
2016,Track 09,ë‚¨ìš°í˜„,No suitable video
2016,Coming Over,EXO,Every channel is None or video duration is not between 60 and 600 seconds
2016,Coming Over,EXO,No suitable video
2016,STAY FOREVER YOUNG,BEAST,Every channel is None or video duration is not between 60 and 600 seconds
2016,STAY FOREVER YOUNG,BEAST,No suitable video
2016,Intro ; Dt sugA,Agust D,Every channel is None or video duration is not between 60 and 600 seconds
2016,Intro ; Dt sugA,Agust D,No suitable video
2017,ìˆ˜ë©´ì œ (Lullaby),ONEW,[0;31mERROR:[0m unable to download video data: HTTP Error 403: Forbidden
2017,Forever,EXO,Every channel is None or video duration is not between 60 and 600 seconds
2017,Forever,EXO,No suitable video
2017,ì•™ê³ ë¼,ë¬¸ë¬¸,[0;31mERROR:[0m unable to download video data: HTTP Error 403: Forbidden
2017,Navigation,ì •ìš©í™”,[0;31mERROR:[0m unable to download video data: HTTP Error 403: Forbidden
2017,AyeDHD,HOSHI,Every channel is None or video duration is not between 60 and 600 seconds
2017,AyeDHD,HOSHI,No suitable video
2017,Starting Over,CNBLUE,Every channel is None or video duration is not between 60 and 600 seconds
2017,Starting Over,CNBLUE,No suitable video
2017,BLING BLING,iKON,[0;31mERROR:[0m unable to download video data: HTTP Error 403: Forbidden
2017,èŠ±,BTOB,[0;31mERROR:[0m unable to download video data: HTTP Error 403: Forbidden
2017,Universe,EXO,Every channel is None or video duration is not between 60 and 600 seconds
2017,Universe,EXO,No suitable video
2017,ì†Œì¤‘í•œ ì•½ì† (To Universe),PENTAGON,Every channel is None or video duration is not between 60 and 600 seconds
2017,ì†Œì¤‘í•œ ì•½ì† (To Universe),PENTAGON,No suitable video
2017,Trigger the Fever,NCT DREAM,Every channel is None or video duration is not between 60 and 600 seconds
2017,Trigger the Fever,NCT DREAM,No suitable video
2017,Happily Ever After,Red Velvet,Every channel is None or video duration is not between 60 and 600 seconds
2017,Happily Ever After,Red Velvet,No suitable video
2017,Sledgehammer,Red Velvet,[0;31mERROR:[0m unable to download video data: HTTP Error 403: Forbidden
2017,ë§¤ì¼ ê·¸ëŒ€ì™€,IU,Every channel is None or video duration is not between 60 and 600 seconds
2017,ë§¤ì¼ ê·¸ëŒ€ì™€,IU,No suitable video
2017,íŒ”ë ˆíŠ¸,IU,Every channel is None or video duration is not between 60 and 600 seconds
2017,íŒ”ë ˆíŠ¸,IU,No suitable video
2017,MIX & MATCH,MELODYDAY,Every channel is None or video duration is not between 60 and 600 seconds
2017,MIX & MATCH,MELODYDAY,No suitable video
2017,A Supplementary Story : You Never Walk Alone,BTS,Every channel is None or video duration is not between 60 and 600 seconds
2017,A Supplementary Story : You Never Walk Alone,BTS,No suitable video
2017,REALLY REALLY,SU A,Every channel is None or video duration is not between 60 and 600 seconds
2017,REALLY REALLY,SU A,No suitable video
2017,æœ€å¥½çš„ç¤¼ç‰© (ã€Šìµœê³ ì˜ ì„ ë¬¼ã€‹ä¸­æ–‡ç‰ˆ),RAIN,Every channel is None or video duration is not between 60 and 600 seconds
2017,æœ€å¥½çš„ç¤¼ç‰© (ã€Šìµœê³ ì˜ ì„ ë¬¼ã€‹ä¸­æ–‡ç‰ˆ),RAIN,No suitable video
2017,í•‘ (Never End),BOYFRIEND,Every channel is None or video duration is not between 60 and 600 seconds
2017,í•‘ (Never End),BOYFRIEND,No suitable video
2017,The Fire,NCT,[0;31mERROR:[0m unable to download video data: HTTP Error 403: Forbidden
2017,ì•„í”„ì§€ë§ˆìš”,SECHSKIES,Every channel is None or video duration is not between 60 and 600 seconds
2017,ì•„í”„ì§€ë§ˆìš”,SECHSKIES,No suitable video
2017,í˜„ê¸°ì¦ (VERTIGO),SECHSKIES,Every channel is None or video duration is not between 60 and 600 seconds
2017,í˜„ê¸°ì¦ (VERTIGO),SECHSKIES,No suitable video
2017,SHINE FOREVER,MONSTA X,Every channel is None or video duration is not between 60 and 600 seconds
2017,SHINE FOREVER,MONSTA X,No suitable video
2017,Cover Up,TAEYEON,Every channel is None or video duration is not between 60 and 600 seconds
2017,Cover Up,TAEYEON,No suitable video
